location,date,temp_min_c,temp_max_c,condition,day_temp_c,night_temp_c,morning_temp_c,evening_temp_c,pressure_hpa,sunrise,sunset,humidity_percent,wind_speed_kmh
Hà Giang,Hôm nay,19,29,Mây thưa,29,19,20,23,1019,5:53 am,5:43 pm,41,1.95
Hà Giang,T4 07/10,17,31,Bầu trời quang đãng,31,17,19,23,1018,5:53 am,5:42 pm,32,2.11
Hà Giang,T5 08/10,16,32,Bầu trời quang đãng,32,16,19,25,1014,5:53 am,5:41 pm,32,2.17
Hà Giang,T6 09/10,16,32,Bầu trời quang đãng,32,19,20,26,1013,5:54 am,5:40 pm,35,2.08
Hà Giang,T7 10/10,18,33,Mây thưa,33,18,21,27,1014,5:54 am,5:39 pm,39,2.2
Hà Giang,CN 11/10,18,33,Mây thưa,33,20,22,28,1013,5:54 am,5:38 pm,43,2.3
Hà Giang,T2 12/10,20,33,Mây thưa,33,20,22,28,1013,5:55 am,5:37 pm,45,2.46
Cao Bằng,Hôm nay,18,27,Mây thưa,27,18,18,21,1019,5:47 am,5:38 pm,39,2.56
Cao Bằng,T4 07/10,17,29,Bầu trời quang đãng,29,18,17,19,1018,5:48 am,5:37 pm,33,2.33
Cao Bằng,T5 08/10,17,29,Mây thưa,29,17,18,21,1014,5:48 am,5:36 pm,34,1.9
Cao Bằng,T6 09/10,17,30,Mây thưa,30,19,19,21,1013,5:48 am,5:35 pm,38,2.03
Cao Bằng,T7 10/10,19,31,Mây thưa,31,19,20,24,1014,5:49 am,5:34 pm,41,1.95
Cao Bằng,CN 11/10,19,32,Bầu trời quang đãng,32,20,21,25,1013,5:49 am,5:33 pm,43,1.75
Cao Bằng,T2 12/10,20,32,Mây thưa,32,21,22,26,1013,5:49 am,5:32 pm,45,1.8
Bắc Kạn,Hôm nay,18,28,Mây thưa,28,18,19,21,1018,5:49 am,5:40 pm,41,2.23
Bắc Kạn,T4 07/10,17,29,Bầu trời quang đãng,29,17,17,20,1018,5:49 am,5:39 pm,35,2.3
Bắc Kạn,T5 08/10,17,29,Bầu trời quang đãng,29,17,18,22,1014,5:49 am,5:38 pm,36,2.0
Bắc Kạn,T6 09/10,17,30,Mây thưa,30,19,19,22,1013,5:50 am,5:37 pm,39,2.14
Bắc Kạn,T7 10/10,19,30,Mây thưa,30,19,20,24,1014,5:50 am,5:36 pm,43,2.07
Bắc Kạn,CN 11/10,19,31,Bầu trời quang đãng,31,20,21,25,1013,5:51 am,5:35 pm,45,1.93
Bắc Kạn,T2 12/10,20,32,Mây thưa,32,22,22,26,1013,5:51 am,5:34 pm,48,1.95
Tuyên Quang,Hôm nay,19,29,Mây thưa,29,19,20,23,1018,5:51 am,5:42 pm,45,1.89
Tuyên Quang,T4 07/10,17,30,Bầu trời quang đãng,30,17,19,22,1017,5:51 am,5:41 pm,37,1.86
Tuyên Quang,T5 08/10,17,30,Bầu trời quang đãng,30,17,19,24,1014,5:52 am,5:41 pm,38,2.05
Tuyên Quang,T6 09/10,17,31,Mây thưa,31,18,20,24,1013,5:52 am,5:40 pm,41,2.03
Tuyên Quang,T7 10/10,18,31,Mây thưa,31,19,21,26,1014,5:52 am,5:39 pm,45,2.19
Tuyên Quang,CN 11/10,19,32,Mây thưa,32,20,22,26,1013,5:53 am,5:38 pm,47,2.06
Tuyên Quang,T2 12/10,20,32,Mây thưa,32,21,22,27,1013,5:53 am,5:37 pm,50,2.13
Thái Nguyên,Hôm nay,20,28,Mây thưa,28,20,20,22,1018,5:49 am,5:40 pm,46,2.6
Thái Nguyên,T4 07/10,19,29,Mây thưa,29,19,19,21,1017,5:49 am,5:39 pm,40,2.46
Thái Nguyên,T5 08/10,19,29,Mây thưa,29,19,20,22,1014,5:49 am,5:38 pm,42,2.13
Thái Nguyên,T6 09/10,19,30,Mây thưa,30,21,20,22,1013,5:50 am,5:37 pm,45,2.36
Thái Nguyên,T7 10/10,21,30,Mây thưa,30,21,21,24,1014,5:50 am,5:36 pm,48,2.28
Thái Nguyên,CN 11/10,21,31,Mây thưa,31,22,22,25,1013,5:50 am,5:35 pm,49,1.96
Thái Nguyên,T2 12/10,22,32,Mây thưa,32,23,23,26,1013,5:51 am,5:35 pm,53,2.02
Lạng Sơn,Hôm nay,18,25,Mây thưa,25,19,18,21,1018,5:45 am,5:36 pm,47,4.37
Lạng Sơn,T4 07/10,17,26,Mây thưa,26,19,17,21,1017,5:45 am,5:35 pm,41,3.48
Lạng Sơn,T5 08/10,18,27,Mây thưa,27,19,18,21,1014,5:46 am,5:34 pm,42,2.8
Lạng Sơn,T6 09/10,19,28,Mây thưa,28,21,19,22,1013,5:46 am,5:34 pm,46,3.07
Lạng Sơn,T7 10/10,20,28,Mây rải rác,28,21,20,23,1014,5:46 am,5:33 pm,49,2.85
Lạng Sơn,CN 11/10,21,29,Mây thưa,29,21,21,24,1013,5:47 am,5:32 pm,49,2.41
Lạng Sơn,T2 12/10,21,30,Mây thưa,30,21,22,24,1013,5:47 am,5:31 pm,53,2.44
Quảng Ninh,Hôm nay,22,25,Mây rải rác,25,24,22,25,1018,5:43 am,5:35 pm,61,8.75
Quảng Ninh,T4 07/10,23,26,Mây thưa,26,25,23,26,1017,5:44 am,5:34 pm,57,6.61
Quảng Ninh,T5 08/10,23,26,Mây rải rác,26,25,23,26,1014,5:44 am,5:33 pm,59,5.66
Quảng Ninh,T6 09/10,24,27,Mây rải rác,27,26,24,27,1013,5:44 am,5:33 pm,62,6.14
Quảng Ninh,T7 10/10,25,28,Mây rải rác,28,26,25,27,1013,5:45 am,5:32 pm,65,5.77
Quảng Ninh,CN 11/10,25,28,Mây thưa,28,26,25,27,1013,5:45 am,5:31 pm,64,4.75
Quảng Ninh,T2 12/10,26,29,Mây rải rác,29,26,26,27,1013,5:45 am,5:30 pm,69,5.42
Bắc Giang,Hôm nay,20,27,Mây thưa,27,21,20,22,1018,5:47 am,5:39 pm,51,3.98
Bắc Giang,T4 07/10,20,28,Mây thưa,28,20,20,22,1017,5:47 am,5:38 pm,45,3.17
Bắc Giang,T5 08/10,20,28,Mây thưa,28,21,21,22,1014,5:48 am,5:37 pm,48,2.66
Bắc Giang,T6 09/10,21,29,Mây thưa,29,23,21,23,1013,5:48 am,5:36 pm,51,2.97
Bắc Giang,T7 10/10,23,30,Mây rải rác,30,23,23,25,1014,5:48 am,5:35 pm,53,2.83
Bắc Giang,CN 11/10,23,30,Mây thưa,30,23,23,25,1014,5:49 am,5:34 pm,53,2.41
Bắc Giang,T2 12/10,23,31,Mây thưa,31,24,24,26,1013,5:49 am,5:33 pm,58,2.65
Phú Thọ,Hôm nay,19,29,Mây thưa,29,19,21,23,1018,5:51 am,5:43 pm,50,2.11
Phú Thọ,T4 07/10,17,29,Mây thưa,29,17,19,22,1017,5:51 am,5:42 pm,42,1.91
Phú Thọ,T5 08/10,17,30,Mây thưa,30,17,20,24,1014,5:52 am,5:41 pm,44,2.07
Phú Thọ,T6 09/10,17,30,Mây thưa,30,19,20,24,1013,5:52 am,5:40 pm,46,2.05
Phú Thọ,T7 10/10,19,31,Mây thưa,31,20,21,26,1014,5:52 am,5:39 pm,49,2.33
Phú Thọ,CN 11/10,20,31,Mây thưa,31,20,22,26,1014,5:53 am,5:38 pm,50,1.96
Phú Thọ,T2 12/10,20,32,Mây rải rác,32,22,22,27,1013,5:53 am,5:37 pm,54,2.03
Lào Cai,Hôm nay,21,31,Mây rải rác,31,21,22,26,1018,5:56 am,5:47 pm,46,2.14
Lào Cai,T4 07/10,20,32,Bầu trời quang đãng,32,20,20,27,1017,5:57 am,5:46 pm,36,2.27
Lào Cai,T5 08/10,20,33,Mây thưa,33,20,21,27,1014,5:57 am,5:45 pm,34,2.21
Lào Cai,T6 09/10,20,34,Mây thưa,34,21,21,28,1013,5:57 am,5:44 pm,37,2.21
Lào Cai,T7 10/10,21,33,Mây thưa,33,22,22,29,1014,5:58 am,5:43 pm,40,2.33
Lào Cai,CN 11/10,22,33,Mây thưa,33,22,22,29,1014,5:58 am,5:43 pm,43,2.19
Lào Cai,T2 12/10,22,34,Mây thưa,34,23,22,30,1013,5:59 am,5:42 pm,44,2.36
Điện Biên,Hôm nay,21,31,Mưa nhẹ,31,21,21,26,1016,6:00 am,5:51 pm,43,2.34
Điện Biên,T4 07/10,19,31,Bầu trời quang đãng,31,20,19,27,1016,6:00 am,5:50 pm,33,2.61
Điện Biên,T5 08/10,18,33,Mây thưa,33,21,18,27,1013,6:00 am,5:50 pm,29,2.5
Điện Biên,T6 09/10,19,33,Mây thưa,33,21,19,28,1012,6:01 am,5:49 pm,30,2.66
Điện Biên,T7 10/10,19,32,Mây thưa,32,22,19,27,1013,6:01 am,5:48 pm,34,2.43
Điện Biên,CN 11/10,20,30,Mây cụm,30,22,20,27,1014,6:01 am,5:47 pm,40,1.77
Điện Biên,T2 12/10,20,33,Mây thưa,33,22,20,28,1012,6:02 am,5:46 pm,36,2.31
Lai Châu,Hôm nay,17,26,Mây rải rác,26,17,17,22,1018,5:58 am,5:49 pm,45,2.18
Lai Châu,T4 07/10,16,28,Bầu trời quang đãng,28,16,16,22,1016,5:59 am,5:48 pm,36,2.35
Lai Châu,T5 08/10,16,29,Mây thưa,29,17,16,23,1014,5:59 am,5:47 pm,34,2.21
Lai Châu,T6 09/10,16,29,Mây thưa,29,17,16,24,1013,5:59 am,5:46 pm,36,2.23
Lai Châu,T7 10/10,17,29,Mây thưa,29,17,17,24,1013,6:00 am,5:45 pm,38,2.21
Lai Châu,CN 11/10,17,29,Mây thưa,29,17,17,24,1014,6:00 am,5:45 pm,41,1.91
Lai Châu,T2 12/10,17,29,Mây thưa,29,18,17,25,1013,6:00 am,5:44 pm,42,2.27
Sơn La,Hôm nay,17,28,Mưa nhẹ,28,17,19,23,1017,5:56 am,5:48 pm,45,2.54
Sơn La,T4 07/10,15,28,Bầu trời quang đãng,28,15,17,23,1017,5:56 am,5:47 pm,34,2.51
Sơn La,T5 08/10,15,29,Bầu trời quang đãng,29,15,17,23,1014,5:57 am,5:46 pm,33,2.31
Sơn La,T6 09/10,15,29,Mây thưa,29,15,17,24,1012,5:57 am,5:45 pm,34,2.59
Sơn La,T7 10/10,15,29,Mây thưa,29,19,17,25,1013,5:57 am,5:44 pm,39,2.62
Sơn La,CN 11/10,18,28,Mây rải rác,28,18,19,24,1014,5:58 am,5:43 pm,44,1.92
Sơn La,T2 12/10,18,30,Mây rải rác,30,18,18,25,1013,5:58 am,5:42 pm,42,2.39
Yên Bái,Hôm nay,19,29,Mây thưa,29,19,21,24,1018,5:52 am,5:44 pm,46,2.07
Yên Bái,T4 07/10,17,30,Bầu trời quang đãng,30,17,19,23,1017,5:53 am,5:43 pm,38,2.06
Yên Bái,T5 08/10,16,31,Bầu trời quang đãng,31,16,19,25,1014,5:53 am,5:42 pm,39,2.16
Yên Bái,T6 09/10,16,31,Mây thưa,31,18,20,25,1013,5:53 am,5:41 pm,41,2.21
Yên Bái,T7 10/10,18,31,Mây thưa,31,19,21,26,1014,5:54 am,5:40 pm,45,2.33
Yên Bái,CN 11/10,19,32,Mây thưa,32,19,22,27,1014,5:54 am,5:39 pm,47,2.07
Yên Bái,T2 12/10,19,32,Mây rải rác,32,21,22,28,1013,5:54 am,5:38 pm,50,2.22
Hòa Bình,Hôm nay,19,28,Mây rải rác,28,19,21,23,1017,5:50 am,5:42 pm,53,2.42
Hòa Bình,T4 07/10,18,29,Mây thưa,29,18,20,22,1017,5:51 am,5:41 pm,46,2.1
Hòa Bình,T5 08/10,18,29,Mây thưa,29,18,21,23,1014,5:51 am,5:41 pm,49,2.2
Hòa Bình,T6 09/10,18,30,Mây thưa,30,20,21,24,1013,5:51 am,5:40 pm,50,2.23
Hòa Bình,T7 10/10,20,30,Mây rải rác,30,21,22,25,1014,5:51 am,5:39 pm,54,2.64
Hòa Bình,CN 11/10,20,31,Mây thưa,31,20,23,26,1014,5:52 am,5:38 pm,53,2.1
Hòa Bình,T2 12/10,20,31,Mây rải rác,31,22,23,26,1013,5:52 am,5:37 pm,58,2.21
Hà Nội,Hôm nay,21,27,Mây thưa,27,21,21,22,1018,5:49 am,5:40 pm,52,2.98
Hà Nội,T4 07/10,19,28,Mây thưa,28,19,20,22,1017,5:49 am,5:39 pm,46,2.57
Hà Nội,T5 08/10,19,29,Mây thưa,29,20,21,22,1015,5:49 am,5:39 pm,49,2.18
Hà Nội,T6 09/10,20,29,Mây thưa,29,22,21,23,1013,5:49 am,5:38 pm,51,2.53
Hà Nội,T7 10/10,22,30,Mây thưa,30,22,22,25,1014,5:50 am,5:37 pm,54,2.42
Hà Nội,CN 11/10,22,31,Mây thưa,31,22,23,25,1014,5:50 am,5:36 pm,53,2.06
Hà Nội,T2 12/10,22,31,Mây rải rác,31,24,23,26,1013,5:50 am,5:35 pm,58,2.35
Vĩnh Phúc,Hôm nay,20,28,Mây thưa,28,20,20,22,1018,5:49 am,5:41 pm,50,2.36
Vĩnh Phúc,T4 07/10,18,29,Mây thưa,29,18,19,22,1017,5:50 am,5:40 pm,43,2.26
Vĩnh Phúc,T5 08/10,18,29,Mây thưa,29,18,20,23,1014,5:50 am,5:39 pm,45,1.97
Vĩnh Phúc,T6 09/10,18,30,Mây thưa,30,20,20,23,1013,5:50 am,5:38 pm,47,2.25
Vĩnh Phúc,T7 10/10,20,30,Mây thưa,30,21,22,25,1014,5:51 am,5:37 pm,50,2.19
Vĩnh Phúc,CN 11/10,21,31,Mây thưa,31,21,23,26,1014,5:51 am,5:37 pm,51,1.87
Vĩnh Phúc,T2 12/10,21,31,Mây rải rác,31,23,23,26,1013,5:51 am,5:36 pm,55,1.97
Bắc Ninh,Hôm nay,20,27,Mây thưa,27,21,20,22,1018,5:48 am,5:39 pm,51,3.6
Bắc Ninh,T4 07/10,20,28,Mây thưa,28,20,20,22,1017,5:48 am,5:38 pm,45,2.94
Bắc Ninh,T5 08/10,20,29,Mây thưa,29,21,21,22,1015,5:48 am,5:37 pm,48,2.48
Bắc Ninh,T6 09/10,21,29,Mây thưa,29,23,21,23,1013,5:48 am,5:37 pm,51,2.8
Bắc Ninh,T7 10/10,23,30,Mây thưa,30,23,23,25,1014,5:49 am,5:36 pm,53,2.71
Bắc Ninh,CN 11/10,23,30,Mây thưa,30,23,23,25,1014,5:49 am,5:35 pm,53,2.3
Bắc Ninh,T2 12/10,23,31,Mây rải rác,31,24,23,26,1013,5:49 am,5:34 pm,58,2.57
Hải Dương,Hôm nay,21,26,Mây rải rác,26,22,21,23,1018,5:46 am,5:38 pm,56,5.21
Hải Dương,T4 07/10,21,27,Mây thưa,27,22,21,23,1017,5:47 am,5:37 pm,50,3.92
Hải Dương,T5 08/10,22,28,Mây thưa,28,22,22,23,1014,5:47 am,5:37 pm,53,3.3
Hải Dương,T6 09/10,22,29,Mây thưa,29,24,22,24,1013,5:47 am,5:36 pm,56,3.68
Hải Dương,T7 10/10,24,29,Mây rải rác,29,24,24,25,1014,5:48 am,5:35 pm,58,3.51
Hải Dương,CN 11/10,24,30,Mây thưa,30,24,24,26,1014,5:48 am,5:34 pm,57,2.94
Hải Dương,T2 12/10,24,30,Mây rải rác,30,25,24,26,1013,5:48 am,5:33 pm,63,3.38
Hải Phòng,Hôm nay,22,26,Mây rải rác,26,24,22,25,1018,5:45 am,5:37 pm,59,7.38
Hải Phòng,T4 07/10,22,27,Mây thưa,27,24,22,25,1017,5:45 am,5:36 pm,55,5.54
Hải Phòng,T5 08/10,23,27,Mây thưa,27,24,23,25,1014,5:45 am,5:35 pm,57,4.7
Hải Phòng,T6 09/10,24,28,Mây rải rác,28,25,24,26,1013,5:46 am,5:34 pm,60,5.15
Hải Phòng,T7 10/10,25,28,Mây rải rác,28,25,25,26,1013,5:46 am,5:33 pm,62,4.88
Hải Phòng,CN 11/10,25,29,Mây thưa,29,25,25,26,1014,5:46 am,5:33 pm,62,4.04
Hải Phòng,T2 12/10,25,29,Mây rải rác,29,26,25,27,1013,5:47 am,5:32 pm,67,4.62
Hưng Yên,Hôm nay,22,27,Mây rải rác,27,23,22,23,1018,5:47 am,5:39 pm,55,4.7
Hưng Yên,T4 07/10,21,28,Mây thưa,28,22,21,23,1017,5:48 am,5:39 pm,50,3.69
Hưng Yên,T5 08/10,22,28,Mây thưa,28,22,22,23,1014,5:48 am,5:38 pm,54,3.07
Hưng Yên,T6 09/10,22,29,Mây thưa,29,24,22,24,1013,5:48 am,5:37 pm,56,3.51
Hưng Yên,T7 10/10,24,29,Mây rải rác,29,24,24,25,1013,5:49 am,5:36 pm,58,3.47
Hưng Yên,CN 11/10,24,30,Mây thưa,30,24,24,26,1014,5:49 am,5:35 pm,57,2.89
Hưng Yên,T2 12/10,24,30,Mưa nhẹ,30,25,24,26,1013,5:49 am,5:34 pm,64,3.4
Thái Bình,Hôm nay,23,26,Mây rải rác,26,24,23,24,1017,5:46 am,5:38 pm,59,6.82
Thái Bình,T4 07/10,23,27,Mây thưa,27,24,23,24,1017,5:46 am,5:38 pm,54,5.2
Thái Bình,T5 08/10,24,27,Mây thưa,27,24,24,24,1014,5:47 am,5:37 pm,58,4.35
Thái Bình,T6 09/10,24,28,Mây rải rác,28,25,24,25,1013,5:47 am,5:36 pm,60,4.88
Thái Bình,T7 10/10,25,28,Mây cụm,28,25,25,26,1013,5:47 am,5:35 pm,62,4.76
Thái Bình,CN 11/10,25,29,Mây thưa,29,25,25,26,1014,5:48 am,5:34 pm,61,3.92
Thái Bình,T2 12/10,25,29,Mưa nhẹ,29,26,25,27,1013,5:48 am,5:33 pm,68,4.54
Hà Nam,Hôm nay,22,27,Mây rải rác,27,22,22,23,1018,5:48 am,5:40 pm,55,4.34
Hà Nam,T4 07/10,21,28,Mây thưa,28,21,21,23,1017,5:48 am,5:39 pm,49,3.47
Hà Nam,T5 08/10,21,28,Mây thưa,28,22,22,23,1014,5:48 am,5:38 pm,53,2.89
Hà Nam,T6 09/10,22,29,Mây thưa,29,24,22,24,1013,5:49 am,5:37 pm,56,3.33
Hà Nam,T7 10/10,24,29,Mây rải rác,29,24,24,26,1013,5:49 am,5:37 pm,57,3.31
Hà Nam,CN 11/10,23,30,Mây thưa,30,23,24,26,1014,5:49 am,5:36 pm,56,2.77
Hà Nam,T2 12/10,23,30,Mưa nhẹ,30,25,24,26,1013,5:50 am,5:35 pm,63,3.27
Nam Định,Hôm nay,22,26,Mây rải rác,26,24,22,24,1017,5:47 am,5:39 pm,57,5.97
Nam Định,T4 07/10,22,27,Mây thưa,27,23,22,24,1017,5:47 am,5:38 pm,53,4.59
Nam Định,T5 08/10,23,27,Mây thưa,27,23,23,24,1014,5:47 am,5:37 pm,56,3.82
Nam Định,T6 09/10,23,28,Mây rải rác,28,25,23,25,1013,5:48 am,5:36 pm,59,4.33
Nam Định,T7 10/10,25,29,Mây rải rác,29,25,25,26,1013,5:48 am,5:36 pm,60,4.28
Nam Định,CN 11/10,25,29,Mây thưa,29,25,25,26,1014,5:48 am,5:35 pm,60,3.53
Nam Định,T2 12/10,25,29,Mưa nhẹ,29,26,25,26,1013,5:49 am,5:34 pm,67,4.13
Ninh Bình,Hôm nay,23,27,Mây rải rác,27,24,23,24,1017,5:48 am,5:40 pm,57,5.43
Ninh Bình,T4 07/10,22,27,Mây thưa,27,23,22,24,1017,5:48 am,5:39 pm,52,4.26
Ninh Bình,T5 08/10,23,27,Mây thưa,27,23,23,24,1014,5:48 am,5:38 pm,56,3.52
Ninh Bình,T6 09/10,23,28,Mây thưa,28,25,23,25,1013,5:48 am,5:37 pm,59,4.05
Ninh Bình,T7 10/10,25,29,Mây cụm,29,25,25,26,1013,5:49 am,5:37 pm,60,4.12
Ninh Bình,CN 11/10,25,29,Mây thưa,29,25,25,26,1014,5:49 am,5:36 pm,59,3.43
Ninh Bình,T2 12/10,25,29,Mưa nhẹ,29,26,25,26,1013,5:49 am,5:35 pm,67,4.05
Thanh Hóa,Hôm nay,24,27,Mây rải rác,27,24,24,25,1017,5:48 am,5:41 pm,59,5.44
Thanh Hóa,T4 07/10,23,27,Mây thưa,27,23,23,24,1017,5:48 am,5:40 pm,54,4.35
Thanh Hóa,T5 08/10,23,28,Mây rải rác,28,23,24,25,1014,5:49 am,5:39 pm,59,3.67
Thanh Hóa,T6 09/10,23,28,Mưa nhẹ,28,25,24,26,1012,5:49 am,5:38 pm,61,4.42
Thanh Hóa,T7 10/10,25,29,Mưa nhẹ,29,26,25,27,1013,5:49 am,5:38 pm,62,4.53
Thanh Hóa,CN 11/10,24,29,Mây thưa,29,24,25,26,1014,5:50 am,5:37 pm,61,3.84
Thanh Hóa,T2 12/10,24,29,Mưa nhẹ,29,26,25,27,1013,5:50 am,5:36 pm,70,4.17
Nghệ An,Hôm nay,25,27,Mưa nhẹ,27,25,25,26,1017,5:48 am,5:42 pm,68,5.38
Nghệ An,T4 07/10,24,28,Mây rải rác,28,24,24,26,1016,5:48 am,5:41 pm,63,4.64
Nghệ An,T5 08/10,24,28,Mây cụm,28,24,25,26,1014,5:49 am,5:40 pm,67,4.13
Nghệ An,T6 09/10,24,29,Mưa nhẹ,29,26,24,27,1012,5:49 am,5:39 pm,69,4.98
Nghệ An,T7 10/10,25,27,Mưa nhẹ,27,26,25,27,1013,5:49 am,5:38 pm,74,4.95
Nghệ An,CN 11/10,25,29,Mây rải rác,29,25,26,27,1013,5:49 am,5:38 pm,69,4.19
Nghệ An,T2 12/10,25,28,Mưa nhẹ,28,26,25,27,1012,5:50 am,5:37 pm,80,4.2
Hà Tĩnh,Hôm nay,25,28,Mưa nhẹ,28,25,25,26,1016,5:47 am,5:41 pm,70,5.11
Hà Tĩnh,T4 07/10,25,28,Mây rải rác,28,25,25,26,1016,5:47 am,5:40 pm,65,4.87
Hà Tĩnh,T5 08/10,25,28,Mây cụm,28,25,25,26,1013,5:48 am,5:39 pm,69,4.3
Hà Tĩnh,T6 09/10,25,29,Mưa vừa,29,26,25,27,1011,5:48 am,5:39 pm,71,5.11
Hà Tĩnh,T7 10/10,26,27,Mưa vừa,27,26,26,26,1012,5:48 am,5:38 pm,81,4.89
Hà Tĩnh,CN 11/10,25,29,Mưa nhẹ,29,25,26,27,1013,5:48 am,5:37 pm,70,4.18
Hà Tĩnh,T2 12/10,25,27,Mưa vừa,27,26,26,26,1012,5:49 am,5:36 pm,85,3.92
Quảng Bình,Hôm nay,25,27,Mưa nhẹ,27,25,25,26,1016,5:45 am,5:39 pm,73,5.58
Quảng Bình,T4 07/10,25,27,Mưa nhẹ,27,25,25,26,1015,5:45 am,5:39 pm,69,5.35
Quảng Bình,T5 08/10,25,28,Mưa nhẹ,28,25,25,26,1013,5:45 am,5:38 pm,72,4.73
Quảng Bình,T6 09/10,25,28,Mưa vừa,28,25,25,26,1011,5:46 am,5:37 pm,76,5.23
Quảng Bình,T7 10/10,25,26,Mưa vừa,26,25,26,25,1012,5:46 am,5:36 pm,89,4.8
Quảng Bình,CN 11/10,25,28,Mưa nhẹ,28,25,26,26,1012,5:46 am,5:36 pm,75,4.14
Quảng Bình,T2 12/10,25,27,Mưa vừa,27,26,26,26,1012,5:46 am,5:35 pm,90,3.4
Quảng Trị,Hôm nay,25,27,Mưa nhẹ,27,25,26,26,1015,5:41 am,5:36 pm,81,5.93
Quảng Trị,T4 07/10,25,26,Mưa nhẹ,26,25,25,26,1015,5:42 am,5:36 pm,84,5.6
Quảng Trị,T5 08/10,25,27,Mưa nhẹ,27,26,25,26,1012,5:42 am,5:35 pm,82,5.03
Quảng Trị,T6 09/10,26,27,Mưa vừa,27,26,26,26,1010,5:42 am,5:34 pm,91,4.49
Quảng Trị,T7 10/10,26,26,Mưa vừa,26,26,26,26,1011,5:42 am,5:33 pm,94,4.61
Quảng Trị,CN 11/10,25,27,Mưa vừa,27,25,26,26,1012,5:42 am,5:33 pm,86,3.99
Quảng Trị,T2 12/10,25,27,Mưa vừa,27,26,26,26,1011,5:42 am,5:32 pm,93,3.1
Thừa Thiên Huế,Hôm nay,25,28,Mưa vừa,28,25,26,26,1015,5:40 am,5:35 pm,82,6.27
Thừa Thiên Huế,T4 07/10,25,26,Mưa vừa,26,26,25,26,1014,5:40 am,5:34 pm,88,6.02
Thừa Thiên Huế,T5 08/10,26,27,Mưa nhẹ,27,26,26,26,1012,5:40 am,5:33 pm,86,5.33
Thừa Thiên Huế,T6 09/10,26,27,Mưa vừa,27,26,26,26,1010,5:40 am,5:33 pm,93,4.47
Thừa Thiên Huế,T7 10/10,26,27,Mưa vừa,27,26,26,26,1011,5:40 am,5:32 pm,94,4.71
Thừa Thiên Huế,CN 11/10,26,27,Mưa vừa,27,26,26,26,1012,5:41 am,5:31 pm,88,4.2
Thừa Thiên Huế,T2 12/10,26,27,Mưa vừa,27,26,26,27,1011,5:41 am,5:31 pm,92,3.49
Đà Nẵng,Hôm nay,26,27,Mưa vừa,27,26,26,26,1014,5:37 am,5:33 pm,86,7.0
Đà Nẵng,T4 07/10,26,26,Mưa vừa,26,26,26,26,1014,5:37 am,5:32 pm,92,6.96
Đà Nẵng,T5 08/10,26,26,Mưa vừa,26,26,26,26,1012,5:37 am,5:31 pm,90,5.95
Đà Nẵng,T6 09/10,26,27,Mưa vừa,27,27,26,27,1009,5:38 am,5:30 pm,93,5.15
Đà Nẵng,T7 10/10,26,27,Mưa vừa,27,26,26,27,1010,5:38 am,5:30 pm,95,4.98
Đà Nẵng,CN 11/10,26,27,Mưa vừa,27,26,26,26,1011,5:38 am,5:29 pm,89,4.79
Đà Nẵng,T2 12/10,26,27,Mưa vừa,27,26,26,27,1010,5:38 am,5:28 pm,91,4.62
Quảng Nam,Hôm nay,26,28,Mưa vừa,28,26,27,26,1013,5:36 am,5:32 pm,82,7.14
Quảng Nam,T4 07/10,26,26,Mưa vừa,26,26,26,26,1013,5:36 am,5:31 pm,93,6.59
Quảng Nam,T5 08/10,26,27,Mưa vừa,27,26,26,26,1011,5:36 am,5:30 pm,92,5.86
Quảng Nam,T6 09/10,26,27,Mưa vừa,27,27,26,27,1009,5:36 am,5:29 pm,92,4.85
Quảng Nam,T7 10/10,26,28,Mưa vừa,28,26,27,27,1010,5:36 am,5:29 pm,91,4.79
Quảng Nam,CN 11/10,26,27,Mưa vừa,27,26,26,26,1011,5:37 am,5:28 pm,90,4.79
Quảng Nam,T2 12/10,26,27,Mưa vừa,27,26,26,27,1010,5:37 am,5:27 pm,91,4.69
Quảng Ngãi,Hôm nay,26,29,Mưa vừa,29,26,27,27,1013,5:34 am,5:30 pm,82,7.63
Quảng Ngãi,T4 07/10,26,26,Mưa vừa,26,26,26,26,1013,5:34 am,5:30 pm,94,6.37
Quảng Ngãi,T5 08/10,26,27,Mưa vừa,27,26,26,26,1011,5:35 am,5:29 pm,93,5.87
Quảng Ngãi,T6 09/10,26,28,Mưa vừa,28,27,26,27,1009,5:35 am,5:28 pm,91,4.65
Quảng Ngãi,T7 10/10,26,29,Mưa vừa,29,26,27,27,1009,5:35 am,5:28 pm,88,4.52
Quảng Ngãi,CN 11/10,26,28,Mưa vừa,28,26,26,26,1011,5:35 am,5:27 pm,90,4.95
Quảng Ngãi,T2 12/10,26,27,Mưa vừa,27,26,26,26,1010,5:35 am,5:26 pm,92,5.01
Bình Định,Hôm nay,27,30,Mưa nhẹ,30,27,27,27,1012,5:32 am,5:29 pm,80,7.03
Bình Định,T4 07/10,26,27,Mưa vừa,27,26,26,27,1012,5:32 am,5:29 pm,93,5.64
Bình Định,T5 08/10,26,28,Mưa vừa,28,26,27,27,1010,5:32 am,5:28 pm,91,4.82
Bình Định,T6 09/10,26,28,Mưa nhẹ,28,27,27,27,1008,5:32 am,5:27 pm,89,4.32
Bình Định,T7 10/10,27,30,Mưa nhẹ,30,27,27,28,1008,5:33 am,5:27 pm,82,3.78
Bình Định,CN 11/10,27,28,Mưa nhẹ,28,27,27,27,1010,5:33 am,5:26 pm,88,4.78
Bình Định,T2 12/10,27,28,Mưa nhẹ,28,27,27,28,1009,5:33 am,5:25 pm,86,4.78
Phú Yên,Hôm nay,26,29,Mưa nhẹ,29,26,26,27,1012,5:32 am,5:30 pm,83,5.03
Phú Yên,T4 07/10,25,26,Mưa nhẹ,26,25,26,25,1012,5:33 am,5:29 pm,94,4.7
Phú Yên,T5 08/10,25,27,Mưa nhẹ,27,26,25,26,1010,5:33 am,5:29 pm,93,3.87
Phú Yên,T6 09/10,26,27,Mưa vừa,27,26,26,26,1008,5:33 am,5:28 pm,91,4.01
Phú Yên,T7 10/10,26,29,Mưa nhẹ,29,26,26,27,1008,5:33 am,5:27 pm,83,3.28
Phú Yên,CN 11/10,26,28,Mưa nhẹ,28,26,26,27,1010,5:33 am,5:27 pm,85,3.77
Phú Yên,T2 12/10,26,28,Mưa nhẹ,28,26,26,26,1010,5:33 am,5:26 pm,83,3.32
Khánh Hòa,Hôm nay,27,30,Mưa nhẹ,30,27,28,28,1011,5:32 am,5:30 pm,84,4.28
Khánh Hòa,T4 07/10,27,28,Mưa nhẹ,28,27,27,27,1011,5:32 am,5:29 pm,89,4.15
Khánh Hòa,T5 08/10,27,28,Mưa nhẹ,28,27,27,27,1010,5:32 am,5:29 pm,89,3.94
Khánh Hòa,T6 09/10,27,29,Mưa vừa,29,27,27,27,1007,5:32 am,5:28 pm,89,4.19
Khánh Hòa,T7 10/10,27,29,Mưa vừa,29,27,27,28,1008,5:32 am,5:27 pm,86,3.88
Khánh Hòa,CN 11/10,27,30,Mưa nhẹ,30,27,27,28,1009,5:32 am,5:27 pm,82,3.42
Khánh Hòa,T2 12/10,27,29,Mưa nhẹ,29,27,28,28,1009,5:32 am,5:26 pm,82,3.38
Ninh Thuận,Hôm nay,27,30,Mưa nhẹ,30,27,28,28,1012,5:33 am,5:32 pm,85,3.0
Ninh Thuận,T4 07/10,27,29,Mưa nhẹ,29,27,27,27,1011,5:33 am,5:31 pm,86,3.58
Ninh Thuận,T5 08/10,27,28,Mưa nhẹ,28,27,27,27,1009,5:33 am,5:30 pm,86,3.68
Ninh Thuận,T6 09/10,27,29,Mưa vừa,29,27,27,27,1007,5:33 am,5:30 pm,86,3.16
Ninh Thuận,T7 10/10,27,28,Mưa vừa,28,27,27,27,1008,5:33 am,5:29 pm,89,3.3
Ninh Thuận,CN 11/10,26,30,Mưa nhẹ,30,26,27,27,1009,5:33 am,5:29 pm,78,2.86
Ninh Thuận,T2 12/10,26,29,Mưa nhẹ,29,27,27,27,1010,5:33 am,5:28 pm,85,3.6
Bình Thuận,Hôm nay,27,29,Mưa nhẹ,29,27,27,27,1012,5:35 am,5:34 pm,88,2.81
Bình Thuận,T4 07/10,27,29,Mưa nhẹ,29,27,27,27,1011,5:35 am,5:34 pm,81,3.96
Bình Thuận,T5 08/10,26,28,Mưa nhẹ,28,26,26,26,1009,5:35 am,5:33 pm,80,3.96
Bình Thuận,T6 09/10,26,29,Mưa vừa,29,26,26,26,1007,5:35 am,5:32 pm,84,2.49
Bình Thuận,T7 10/10,26,26,Mưa vừa,26,26,26,26,1008,5:35 am,5:32 pm,94,2.48
Bình Thuận,CN 11/10,25,30,Mưa nhẹ,30,25,26,27,1009,5:35 am,5:31 pm,73,2.6
Bình Thuận,T2 12/10,25,27,Mưa nhẹ,27,26,27,26,1010,5:35 am,5:31 pm,91,3.37
Kon Tum,Hôm nay,21,29,Mưa nhẹ,29,21,22,23,1013,5:37 am,5:34 pm,68,3.51
Kon Tum,T4 07/10,21,23,Mưa vừa,23,22,21,22,1013,5:37 am,5:33 pm,98,2.43
Kon Tum,T5 08/10,22,24,Mưa nhẹ,24,22,22,23,1011,5:37 am,5:33 pm,96,2.64
Kon Tum,T6 09/10,22,25,Mưa nhẹ,25,22,22,23,1009,5:38 am,5:32 pm,91,2.74
Kon Tum,T7 10/10,22,29,Mưa nhẹ,29,22,22,23,1009,5:38 am,5:31 pm,76,2.43
Kon Tum,CN 11/10,21,25,Mưa nhẹ,25,21,22,23,1011,5:38 am,5:31 pm,90,2.65
Kon Tum,T2 12/10,21,25,Mưa nhẹ,25,22,22,23,1010,5:38 am,5:30 pm,93,1.91
Gia Lai,Hôm nay,21,28,Mưa nhẹ,28,21,22,22,1012,5:37 am,5:34 pm,70,2.9
Gia Lai,T4 07/10,21,22,Mưa nhẹ,22,21,21,21,1013,5:37 am,5:33 pm,97,2.14
Gia Lai,T5 08/10,21,24,Mưa nhẹ,24,21,21,22,1010,5:37 am,5:32 pm,95,2.2
Gia Lai,T6 09/10,21,24,Mưa nhẹ,24,21,21,22,1009,5:37 am,5:32 pm,88,2.78
Gia Lai,T7 10/10,21,28,Mưa nhẹ,28,21,21,22,1009,5:37 am,5:31 pm,72,1.99
Gia Lai,CN 11/10,20,25,Mưa nhẹ,25,20,21,22,1010,5:37 am,5:30 pm,85,2.6
Gia Lai,T2 12/10,20,24,Mưa nhẹ,24,21,21,22,1010,5:37 am,5:30 pm,90,1.8
Đắk Lắk,Hôm nay,22,27,Mưa nhẹ,27,22,23,24,1012,5:37 am,5:34 pm,84,1.03
Đắk Lắk,T4 07/10,22,24,Mưa nhẹ,24,22,23,23,1012,5:37 am,5:34 pm,94,1.55
Đắk Lắk,T5 08/10,22,26,Mưa nhẹ,26,23,22,23,1010,5:37 am,5:33 pm,93,1.25
Đắk Lắk,T6 09/10,23,27,Mưa nhẹ,27,23,23,24,1008,5:37 am,5:33 pm,86,1.82
Đắk Lắk,T7 10/10,22,27,Mưa nhẹ,27,22,22,24,1008,5:37 am,5:32 pm,79,1.67
Đắk Lắk,CN 11/10,21,28,Mưa nhẹ,28,21,22,23,1009,5:37 am,5:31 pm,72,1.7
Đắk Lắk,T2 12/10,21,26,Mưa nhẹ,26,22,23,22,1010,5:37 am,5:31 pm,87,1.02
Đắk Nông,Hôm nay,19,25,Mưa nhẹ,25,19,20,21,1012,5:38 am,5:36 pm,87,0.91
Đắk Nông,T4 07/10,19,23,Mưa nhẹ,23,20,20,20,1012,5:38 am,5:36 pm,88,1.61
Đắk Nông,T5 08/10,19,23,Mưa nhẹ,23,20,19,21,1009,5:38 am,5:35 pm,88,1.54
Đắk Nông,T6 09/10,20,24,Mưa nhẹ,24,20,20,21,1007,5:38 am,5:34 pm,84,1.3
Đắk Nông,T7 10/10,19,22,Mưa vừa,22,19,20,20,1008,5:38 am,5:34 pm,86,1.61
Đắk Nông,CN 11/10,19,26,Mưa nhẹ,26,19,19,21,1008,5:38 am,5:33 pm,68,1.29
Đắk Nông,T2 12/10,19,23,Mưa nhẹ,23,20,20,20,1010,5:38 am,5:33 pm,87,0.94
Lâm Đồng,Hôm nay,16,20,Mưa nhẹ,20,16,17,17,1012,5:35 am,5:33 pm,88,1.91
Lâm Đồng,T4 07/10,16,19,Mưa nhẹ,19,16,17,17,1012,5:35 am,5:32 pm,89,2.3
Lâm Đồng,T5 08/10,16,19,Mưa nhẹ,19,16,16,17,1009,5:35 am,5:32 pm,88,2.47
Lâm Đồng,T6 09/10,16,20,Mưa vừa,20,17,17,17,1007,5:35 am,5:31 pm,89,2.41
Lâm Đồng,T7 10/10,16,18,Mưa vừa,18,16,16,17,1008,5:35 am,5:31 pm,91,2.66
Lâm Đồng,CN 11/10,16,21,Mưa nhẹ,21,16,16,17,1009,5:35 am,5:30 pm,76,2.03
Lâm Đồng,T2 12/10,16,19,Mưa nhẹ,19,17,17,17,1010,5:35 am,5:29 pm,88,2.29
Hồ Chí Minh,Hôm nay,27,30,Mưa nhẹ,30,27,27,27,1011,5:41 am,5:41 pm,82,2.57
Hồ Chí Minh,T4 07/10,27,31,Mưa nhẹ,31,27,27,28,1011,5:41 am,5:40 pm,80,3.22
Hồ Chí Minh,T5 08/10,26,29,Mưa nhẹ,29,26,26,27,1009,5:41 am,5:39 pm,80,3.22
Hồ Chí Minh,T6 09/10,26,30,Mưa nhẹ,30,27,26,28,1006,5:41 am,5:39 pm,77,2.78
Hồ Chí Minh,T7 10/10,26,27,Mưa vừa,27,26,27,26,1008,5:41 am,5:38 pm,93,1.71
Hồ Chí Minh,CN 11/10,26,30,Mưa nhẹ,30,26,26,27,1008,5:41 am,5:38 pm,79,2.68
Hồ Chí Minh,T2 12/10,26,28,Mưa nhẹ,28,26,27,27,1009,5:41 am,5:37 pm,90,1.63
Bà Rịa - Vũng Tàu,Hôm nay,27,29,Mưa nhẹ,29,28,28,28,1011,5:39 am,5:38 pm,85,3.39
Bà Rịa - Vũng Tàu,T4 07/10,27,30,Mưa nhẹ,30,28,27,28,1011,5:39 am,5:38 pm,81,4.58
Bà Rịa - Vũng Tàu,T5 08/10,27,29,Mưa nhẹ,29,27,27,27,1009,5:39 am,5:37 pm,81,4.58
Bà Rịa - Vũng Tàu,T6 09/10,27,29,Mưa nhẹ,29,27,27,28,1006,5:39 am,5:37 pm,80,3.54
Bà Rịa - Vũng Tàu,T7 10/10,27,27,Mưa vừa,27,27,27,27,1008,5:39 am,5:36 pm,92,1.97
Bà Rịa - Vũng Tàu,CN 11/10,27,29,Mưa nhẹ,29,27,27,27,1008,5:39 am,5:36 pm,79,3.15
Bà Rịa - Vũng Tàu,T2 12/10,27,28,Mưa nhẹ,28,27,27,27,1010,5:39 am,5:35 pm,90,2.47
Bình Phước,Hôm nay,24,30,Mưa nhẹ,30,24,26,25,1011,5:41 am,5:40 pm,82,1.08
Bình Phước,T4 07/10,24,29,Mưa nhẹ,29,25,25,26,1011,5:42 am,5:39 pm,80,1.87
Bình Phước,T5 08/10,24,28,Mưa nhẹ,28,25,24,26,1009,5:42 am,5:39 pm,83,2.32
Bình Phước,T6 09/10,24,30,Mưa nhẹ,30,25,24,26,1006,5:42 am,5:38 pm,78,1.6
Bình Phước,T7 10/10,24,26,Mưa nhẹ,26,24,25,25,1008,5:42 am,5:38 pm,91,1.44
Bình Phước,CN 11/10,24,31,Mưa nhẹ,31,25,24,26,1008,5:42 am,5:37 pm,67,1.83
Bình Phước,T2 12/10,25,28,Mưa nhẹ,28,25,25,25,1009,5:42 am,5:36 pm,85,1.09
Bình Dương,Hôm nay,26,30,Mưa nhẹ,30,26,27,26,1011,5:42 am,5:41 pm,81,1.52
Bình Dương,T4 07/10,26,30,Mưa nhẹ,30,26,26,27,1011,5:42 am,5:40 pm,80,1.81
Bình Dương,T5 08/10,25,29,Mưa nhẹ,29,25,25,26,1009,5:42 am,5:39 pm,81,2.4
Bình Dương,T6 09/10,25,30,Mưa nhẹ,30,26,25,26,1006,5:42 am,5:39 pm,77,1.92
Bình Dương,T7 10/10,25,27,Mưa vừa,27,25,26,26,1008,5:42 am,5:38 pm,93,1.54
Bình Dương,CN 11/10,25,30,Mưa nhẹ,30,26,25,26,1008,5:42 am,5:38 pm,73,2.01
Bình Dương,T2 12/10,25,28,Mưa nhẹ,28,25,26,26,1009,5:42 am,5:37 pm,87,1.2
Tây Ninh,Hôm nay,26,31,Mưa nhẹ,31,26,27,27,1010,5:44 am,5:43 pm,74,1.46
Tây Ninh,T4 07/10,26,31,Mưa nhẹ,31,26,26,27,1011,5:44 am,5:42 pm,74,1.98
Tây Ninh,T5 08/10,26,29,Mưa nhẹ,29,26,26,27,1009,5:44 am,5:41 pm,78,2.77
Tây Ninh,T6 09/10,25,31,Mưa nhẹ,31,26,25,27,1006,5:44 am,5:41 pm,71,2.16
Tây Ninh,T7 10/10,25,27,Mưa nhẹ,27,25,27,26,1007,5:44 am,5:40 pm,90,1.29
Tây Ninh,CN 11/10,25,31,Mưa nhẹ,31,26,25,27,1008,5:44 am,5:40 pm,71,1.99
Tây Ninh,T2 12/10,26,29,Mưa nhẹ,29,26,26,26,1009,5:44 am,5:39 pm,83,1.26
Đồng Nai,Hôm nay,26,30,Mưa nhẹ,30,27,27,27,1011,5:41 am,5:40 pm,85,2.23
Đồng Nai,T4 07/10,27,30,Mưa nhẹ,30,27,27,27,1011,5:41 am,5:39 pm,83,2.77
Đồng Nai,T5 08/10,26,29,Mưa nhẹ,29,26,26,27,1009,5:41 am,5:39 pm,82,2.95
Đồng Nai,T6 09/10,26,30,Mưa nhẹ,30,26,26,27,1006,5:41 am,5:38 pm,79,2.38
Đồng Nai,T7 10/10,26,27,Mưa vừa,27,26,27,26,1008,5:41 am,5:37 pm,96,1.81
Đồng Nai,CN 11/10,26,30,Mưa nhẹ,30,26,26,27,1008,5:41 am,5:37 pm,79,2.57
Đồng Nai,T2 12/10,26,28,Mưa nhẹ,28,26,27,26,1009,5:41 am,5:36 pm,92,1.54
An Giang,Hôm nay,27,32,Mưa nhẹ,32,27,28,28,1011,5:47 am,5:47 pm,68,2.41
An Giang,T4 07/10,27,32,Mưa nhẹ,32,27,27,28,1011,5:47 am,5:46 pm,69,2.34
An Giang,T5 08/10,26,30,Mưa nhẹ,30,26,27,27,1010,5:47 am,5:46 pm,74,2.44
An Giang,T6 09/10,26,32,Mưa nhẹ,32,27,27,28,1007,5:47 am,5:45 pm,64,2.1
An Giang,T7 10/10,27,29,Mưa vừa,29,27,28,27,1007,5:47 am,5:45 pm,83,1.2
An Giang,CN 11/10,26,29,Mưa nhẹ,29,27,26,27,1008,5:47 am,5:44 pm,83,1.58
An Giang,T2 12/10,27,29,Mưa nhẹ,29,27,27,27,1009,5:47 am,5:43 pm,80,1.59
Bạc Liêu,Hôm nay,29,30,Mưa nhẹ,30,29,29,29,1011,5:45 am,5:45 pm,75,4.78
Bạc Liêu,T4 07/10,29,30,Mưa nhẹ,30,29,29,29,1011,5:45 am,5:44 pm,74,5.16
Bạc Liêu,T5 08/10,28,29,Mưa vừa,29,28,29,28,1010,5:45 am,5:44 pm,81,5.26
Bạc Liêu,T6 09/10,28,30,Mưa nhẹ,30,28,28,29,1007,5:44 am,5:43 pm,73,5.26
Bạc Liêu,T7 10/10,28,28,Mưa vừa,28,28,28,28,1007,5:44 am,5:43 pm,84,4.13
Bạc Liêu,CN 11/10,28,29,Mưa nhẹ,29,28,28,29,1009,5:44 am,5:42 pm,83,2.98
Bạc Liêu,T2 12/10,28,29,Mưa nhẹ,29,29,28,29,1009,5:44 am,5:42 pm,80,3.86
Bến Tre,Hôm nay,28,30,Mưa nhẹ,30,28,28,28,1011,5:42 am,5:42 pm,78,3.48
Bến Tre,T4 07/10,28,31,Mưa nhẹ,31,28,28,28,1011,5:42 am,5:41 pm,75,4.42
Bến Tre,T5 08/10,27,29,Mưa nhẹ,29,27,27,28,1009,5:42 am,5:41 pm,78,4.42
Bến Tre,T6 09/10,27,30,Mưa nhẹ,30,28,27,28,1006,5:42 am,5:40 pm,73,3.77
Bến Tre,T7 10/10,27,28,Mưa vừa,28,27,28,27,1007,5:42 am,5:40 pm,87,1.52
Bến Tre,CN 11/10,27,29,Mưa nhẹ,29,27,27,28,1009,5:42 am,5:39 pm,82,3.03
Bến Tre,T2 12/10,27,28,Mưa nhẹ,28,27,27,28,1009,5:42 am,5:39 pm,87,2.06
Cà Mau,Hôm nay,29,30,Mưa nhẹ,30,29,29,30,1011,5:47 am,5:47 pm,75,4.6
Cà Mau,T4 07/10,29,30,Mưa nhẹ,30,29,29,30,1011,5:47 am,5:46 pm,74,4.81
Cà Mau,T5 08/10,29,29,Mưa vừa,29,29,29,29,1010,5:47 am,5:46 pm,82,5.46
Cà Mau,T6 09/10,29,30,Mưa nhẹ,30,29,29,29,1007,5:47 am,5:45 pm,73,5.27
Cà Mau,T7 10/10,28,29,Mưa nhẹ,28,28,29,29,1007,5:47 am,5:45 pm,83,4.66
Cà Mau,CN 11/10,28,29,Mưa vừa,29,28,28,29,1009,5:46 am,5:44 pm,82,2.93
Cà Mau,T2 12/10,28,30,Mưa nhẹ,29,29,28,30,1009,5:46 am,5:44 pm,78,3.86
Cần Thơ,Hôm nay,28,30,Mưa nhẹ,30,28,28,28,1011,5:45 am,5:44 pm,74,3.61
Cần Thơ,T4 07/10,28,31,Mưa nhẹ,31,28,28,28,1011,5:45 am,5:44 pm,71,3.83
Cần Thơ,T5 08/10,27,30,Mưa nhẹ,30,27,27,27,1009,5:45 am,5:43 pm,77,3.83
Cần Thơ,T6 09/10,27,31,Mưa nhẹ,31,27,27,28,1007,5:45 am,5:43 pm,68,3.41
Cần Thơ,T7 10/10,27,28,Mưa vừa,28,27,28,27,1007,5:45 am,5:42 pm,85,1.6
Cần Thơ,CN 11/10,27,29,Mưa nhẹ,29,27,27,27,1009,5:45 am,5:42 pm,84,2.48
Cần Thơ,T2 12/10,27,28,Mưa nhẹ,28,27,27,28,1009,5:45 am,5:41 pm,86,2.19
Đồng Tháp,Hôm nay,27,31,Mưa nhẹ,31,27,28,28,1011,5:45 am,5:45 pm,72,2.37
Đồng Tháp,T4 07/10,27,31,Mưa nhẹ,31,27,27,28,1011,5:45 am,5:44 pm,71,2.74
Đồng Tháp,T5 08/10,26,30,Mưa nhẹ,30,26,27,27,1009,5:45 am,5:44 pm,76,2.74
Đồng Tháp,T6 09/10,26,31,Mưa nhẹ,31,27,26,28,1007,5:45 am,5:43 pm,67,2.52
Đồng Tháp,T7 10/10,26,28,Mưa vừa,28,26,28,27,1007,5:45 am,5:43 pm,86,1.05
Đồng Tháp,CN 11/10,26,29,Mưa nhẹ,29,27,26,27,1008,5:45 am,5:42 pm,81,2.02
Đồng Tháp,T2 12/10,26,29,Mưa nhẹ,29,26,27,27,1009,5:45 am,5:41 pm,84,1.65
Hậu Giang,Hôm nay,28,30,Mưa nhẹ,30,28,28,29,1011,5:46 am,5:45 pm,74,4.0
Hậu Giang,T4 07/10,28,31,Mưa nhẹ,31,28,28,29,1011,5:45 am,5:45 pm,72,4.03
Hậu Giang,T5 08/10,27,29,Mưa nhẹ,29,27,28,28,1010,5:45 am,5:44 pm,78,4.03
Hậu Giang,T6 09/10,27,31,Mưa nhẹ,31,28,28,28,1007,5:45 am,5:44 pm,69,3.86
Hậu Giang,T7 10/10,27,29,Mưa vừa,29,27,28,28,1007,5:45 am,5:43 pm,84,2.59
Hậu Giang,CN 11/10,27,28,Mưa nhẹ,28,27,27,28,1009,5:45 am,5:43 pm,84,2.27
Hậu Giang,T2 12/10,27,29,Mưa nhẹ,29,28,28,28,1009,5:45 am,5:42 pm,82,2.65
Kiên Giang,Hôm nay,28,31,Mưa nhẹ,31,28,28,28,1011,5:47 am,5:47 pm,70,3.57
Kiên Giang,T4 07/10,28,31,Mưa nhẹ,31,28,28,28,1011,5:47 am,5:47 pm,69,3.04
Kiên Giang,T5 08/10,27,30,Mưa nhẹ,30,27,28,27,1010,5:47 am,5:46 pm,76,3.26
Kiên Giang,T6 09/10,27,31,Mưa nhẹ,31,27,27,28,1007,5:47 am,5:45 pm,64,2.73
Kiên Giang,T7 10/10,27,29,Mưa vừa,29,27,28,27,1007,5:47 am,5:45 pm,82,1.97
Kiên Giang,CN 11/10,27,28,Mưa vừa,28,27,27,27,1009,5:47 am,5:44 pm,84,1.67
Kiên Giang,T2 12/10,27,29,Mưa nhẹ,29,27,27,28,1009,5:47 am,5:44 pm,80,2.09
Long An,Hôm nay,27,30,Mưa nhẹ,30,27,27,28,1011,5:43 am,5:42 pm,77,2.43
Long An,T4 07/10,27,31,Mưa nhẹ,31,27,27,28,1011,5:43 am,5:42 pm,75,2.99
Long An,T5 08/10,26,30,Mưa nhẹ,30,26,26,27,1009,5:43 am,5:41 pm,78,2.99
Long An,T6 09/10,26,31,Mưa nhẹ,31,27,26,28,1006,5:43 am,5:41 pm,72,2.74
Long An,T7 10/10,26,28,Mưa vừa,28,26,27,27,1007,5:43 am,5:40 pm,90,1.4
Long An,CN 11/10,26,30,Mưa nhẹ,30,27,26,27,1008,5:43 am,5:39 pm,79,2.46
Long An,T2 12/10,26,28,Mưa nhẹ,28,26,27,27,1009,5:43 am,5:39 pm,87,1.56
Sóc Trăng,Hôm nay,28,30,Mưa nhẹ,30,28,28,29,1011,5:44 am,5:44 pm,76,4.4
Sóc Trăng,T4 07/10,28,30,Mưa nhẹ,30,28,28,29,1011,5:44 am,5:43 pm,73,4.89
Sóc Trăng,T5 08/10,28,29,Mưa nhẹ,29,28,28,28,1010,5:44 am,5:43 pm,79,4.89
Sóc Trăng,T6 09/10,28,30,Mưa nhẹ,30,28,28,29,1007,5:44 am,5:42 pm,72,4.64
Sóc Trăng,T7 10/10,28,28,Mưa vừa,28,28,28,28,1007,5:44 am,5:42 pm,85,2.99
Sóc Trăng,CN 11/10,28,29,Mưa nhẹ,29,28,28,28,1009,5:44 am,5:41 pm,84,2.86
Sóc Trăng,T2 12/10,28,29,Mưa nhẹ,29,28,28,28,1009,5:44 am,5:40 pm,84,3.26
Tiền Giang,Hôm nay,27,30,Mưa nhẹ,30,27,28,28,1011,5:43 am,5:42 pm,78,3.06
Tiền Giang,T4 07/10,27,31,Mưa nhẹ,31,27,27,28,1011,5:43 am,5:41 pm,75,3.89
Tiền Giang,T5 08/10,27,29,Mưa nhẹ,29,27,27,27,1009,5:43 am,5:41 pm,78,3.89
Tiền Giang,T6 09/10,27,31,Mưa nhẹ,31,27,27,28,1006,5:43 am,5:40 pm,72,3.38
Tiền Giang,T7 10/10,27,28,Mưa vừa,28,27,27,27,1007,5:43 am,5:40 pm,89,1.46
Tiền Giang,CN 11/10,27,29,Mưa nhẹ,29,27,27,27,1008,5:43 am,5:39 pm,81,2.82
Tiền Giang,T2 12/10,27,28,Mưa nhẹ,28,27,27,27,1009,5:43 am,5:39 pm,88,1.86
Trà Vinh,Hôm nay,28,30,Mưa nhẹ,30,28,28,29,1011,5:42 am,5:42 pm,77,4.18
Trà Vinh,T4 07/10,28,30,Mưa nhẹ,30,28,28,29,1011,5:42 am,5:42 pm,74,5.04
Trà Vinh,T5 08/10,27,29,Mưa nhẹ,29,27,28,28,1009,5:42 am,5:41 pm,78,5.04
Trà Vinh,T6 09/10,27,30,Mưa nhẹ,30,28,27,29,1006,5:42 am,5:40 pm,72,4.32
Trà Vinh,T7 10/10,27,28,Mưa vừa,28,27,28,27,1007,5:42 am,5:40 pm,86,1.68
Trà Vinh,CN 11/10,27,29,Mưa nhẹ,29,27,27,28,1009,5:42 am,5:39 pm,84,3.2
Trà Vinh,T2 12/10,27,28,Mưa nhẹ,28,27,27,28,1009,5:42 am,5:39 pm,87,2.49
Vĩnh Long,Hôm nay,27,30,Mưa nhẹ,30,27,28,28,1011,5:44 am,5:44 pm,75,3.11
Vĩnh Long,T4 07/10,27,31,Mưa nhẹ,31,27,27,28,1011,5:44 am,5:43 pm,72,3.66
Vĩnh Long,T5 08/10,27,30,Mưa nhẹ,30,27,27,27,1009,5:44 am,5:42 pm,77,3.66
Vĩnh Long,T6 09/10,27,31,Mưa nhẹ,31,27,27,28,1006,5:44 am,5:42 pm,69,3.28
Vĩnh Long,T7 10/10,27,28,Mưa vừa,28,27,28,27,1007,5:44 am,5:41 pm,87,1.23
Vĩnh Long,CN 11/10,27,29,Mưa nhẹ,29,27,27,27,1009,5:44 am,5:41 pm,82,2.57
Vĩnh Long,T2 12/10,27,28,Mưa nhẹ,28,27,27,27,1009,5:44 am,5:40 pm,87,2.05
