location	date	temp_min_c	temp_max_c	condition	day_temp_c	night_temp_c	morning_temp_c	evening_temp_c	pressure_hpa	sunrise	sunset	humidity_percent	wind_speed_kmh	source_url	crawl_time
Hà Giang	Hôm nay	26	35	Mưa nhẹ	35	26	26	29	1007	5:50 am	5:51 pm	59	2.73	https://xemthoitiet.vn/thoi-tiet/ha-giang/7-ngay-toi/	2026-09-28 19:12:15
Hà Giang	T3 29/09	26	35	Mưa nhẹ	35	26	26	29	1009	5:50 am	5:50 pm	60	2.3	https://xemthoitiet.vn/thoi-tiet/ha-giang/7-ngay-toi/	2026-09-28 19:12:15
Hà Giang	T4 30/09	26	31	Mưa vừa	31	27	27	28	1010	5:51 am	5:49 pm	90	1.58	https://xemthoitiet.vn/thoi-tiet/ha-giang/7-ngay-toi/	2026-09-28 19:12:15
Hà Giang	T5 01/10	26	28	Mưa vừa	28	26	27	27	1012	5:51 am	5:48 pm	98	1.43	https://xemthoitiet.vn/thoi-tiet/ha-giang/7-ngay-toi/	2026-09-28 19:12:15
Hà Giang	T6 02/10	26	27	Mưa vừa	27	26	26	26	1012	5:51 am	5:47 pm	100	2.07	https://xemthoitiet.vn/thoi-tiet/ha-giang/7-ngay-toi/	2026-09-28 19:12:15
Hà Giang	T7 03/10	25	27	Mưa vừa	27	26	25	26	1011	5:52 am	5:46 pm	100	1.51	https://xemthoitiet.vn/thoi-tiet/ha-giang/7-ngay-toi/	2026-09-28 19:12:15
Hà Giang	CN 04/10	26	28	Mưa vừa	28	26	26	27	1010	5:52 am	5:45 pm	98	1.67	https://xemthoitiet.vn/thoi-tiet/ha-giang/7-ngay-toi/	2026-09-28 19:12:15
Cao Bằng	Hôm nay	25	33	Mưa nhẹ	33	25	26	28	1007	5:45 am	5:46 pm	64	3.16	https://xemthoitiet.vn/thoi-tiet/cao-bang/7-ngay-toi/	2026-09-28 19:12:17
Cao Bằng	T3 29/09	25	33	Mưa nhẹ	33	25	26	28	1009	5:45 am	5:45 pm	70	2.42	https://xemthoitiet.vn/thoi-tiet/cao-bang/7-ngay-toi/	2026-09-28 19:12:17
Cao Bằng	T4 30/09	25	30	Mưa vừa	30	26	26	27	1010	5:45 am	5:44 pm	90	1.32	https://xemthoitiet.vn/thoi-tiet/cao-bang/7-ngay-toi/	2026-09-28 19:12:17
Cao Bằng	T5 01/10	25	28	Mưa vừa	28	25	26	26	1011	5:46 am	5:43 pm	96	1.66	https://xemthoitiet.vn/thoi-tiet/cao-bang/7-ngay-toi/	2026-09-28 19:12:17
Cao Bằng	T6 02/10	24	27	Mưa vừa	27	24	25	25	1012	5:46 am	5:42 pm	97	2.13	https://xemthoitiet.vn/thoi-tiet/cao-bang/7-ngay-toi/	2026-09-28 19:12:17
Cao Bằng	T7 03/10	24	26	Mưa vừa	26	25	24	25	1011	5:46 am	5:41 pm	98	2.25	https://xemthoitiet.vn/thoi-tiet/cao-bang/7-ngay-toi/	2026-09-28 19:12:17
Cao Bằng	CN 04/10	24	26	Mưa vừa	26	24	25	25	1010	5:47 am	5:40 pm	98	2.12	https://xemthoitiet.vn/thoi-tiet/cao-bang/7-ngay-toi/	2026-09-28 19:12:17
Bắc Kạn	Hôm nay	25	34	Mưa nhẹ	34	25	26	28	1007	5:46 am	5:47 pm	59	2.99	https://xemthoitiet.vn/thoi-tiet/bac-kan/7-ngay-toi/	2026-09-28 19:12:20
Bắc Kạn	T3 29/09	25	34	Mưa nhẹ	34	25	26	28	1009	5:47 am	5:47 pm	60	2.48	https://xemthoitiet.vn/thoi-tiet/bac-kan/7-ngay-toi/	2026-09-28 19:12:20
Bắc Kạn	T4 30/09	25	31	Mưa nhẹ	31	26	27	27	1010	5:47 am	5:46 pm	88	1.45	https://xemthoitiet.vn/thoi-tiet/bac-kan/7-ngay-toi/	2026-09-28 19:12:20
Bắc Kạn	T5 01/10	26	28	Mưa vừa	28	26	26	26	1011	5:47 am	5:45 pm	96	1.73	https://xemthoitiet.vn/thoi-tiet/bac-kan/7-ngay-toi/	2026-09-28 19:12:20
Bắc Kạn	T6 02/10	25	27	Mưa vừa	27	25	25	25	1012	5:48 am	5:44 pm	97	1.96	https://xemthoitiet.vn/thoi-tiet/bac-kan/7-ngay-toi/	2026-09-28 19:12:20
Bắc Kạn	T7 03/10	25	26	Mưa vừa	26	25	25	25	1011	5:48 am	5:43 pm	99	2.21	https://xemthoitiet.vn/thoi-tiet/bac-kan/7-ngay-toi/	2026-09-28 19:12:20
Bắc Kạn	CN 04/10	25	26	Mưa vừa	26	25	25	25	1010	5:48 am	5:42 pm	98	2.16	https://xemthoitiet.vn/thoi-tiet/bac-kan/7-ngay-toi/	2026-09-28 19:12:20
Tuyên Quang	Hôm nay	25	35	Mưa nhẹ	35	26	26	29	1007	5:49 am	5:50 pm	54	2.43	https://xemthoitiet.vn/thoi-tiet/tuyen-quang/7-ngay-toi/	2026-09-28 19:12:22
Tuyên Quang	T3 29/09	26	35	Mưa nhẹ	35	26	26	29	1009	5:49 am	5:49 pm	55	2.12	https://xemthoitiet.vn/thoi-tiet/tuyen-quang/7-ngay-toi/	2026-09-28 19:12:22
Tuyên Quang	T4 30/09	26	32	Mưa nhẹ	32	27	27	28	1010	5:49 am	5:48 pm	85	1.42	https://xemthoitiet.vn/thoi-tiet/tuyen-quang/7-ngay-toi/	2026-09-28 19:12:22
Tuyên Quang	T5 01/10	26	29	Mưa vừa	29	26	27	27	1011	5:50 am	5:47 pm	96	1.53	https://xemthoitiet.vn/thoi-tiet/tuyen-quang/7-ngay-toi/	2026-09-28 19:12:22
Tuyên Quang	T6 02/10	26	28	Mưa vừa	28	26	26	26	1012	5:50 am	5:46 pm	98	1.73	https://xemthoitiet.vn/thoi-tiet/tuyen-quang/7-ngay-toi/	2026-09-28 19:12:22
Tuyên Quang	T7 03/10	26	28	Mưa vừa	28	26	26	27	1011	5:50 am	5:45 pm	98	1.74	https://xemthoitiet.vn/thoi-tiet/tuyen-quang/7-ngay-toi/	2026-09-28 19:12:22
Tuyên Quang	CN 04/10	26	28	Mưa vừa	28	26	26	27	1010	5:51 am	5:44 pm	97	1.87	https://xemthoitiet.vn/thoi-tiet/tuyen-quang/7-ngay-toi/	2026-09-28 19:12:22
Thái Nguyên	Hôm nay	26	34	Mưa nhẹ	34	26	26	29	1007	5:46 am	5:48 pm	59	3.04	https://xemthoitiet.vn/thoi-tiet/thai-nguyen/7-ngay-toi/	2026-09-28 19:12:25
Thái Nguyên	T3 29/09	26	34	Mưa nhẹ	34	26	27	29	1009	5:47 am	5:47 pm	60	2.4	https://xemthoitiet.vn/thoi-tiet/thai-nguyen/7-ngay-toi/	2026-09-28 19:12:25
Thái Nguyên	T4 30/09	26	32	Mưa nhẹ	32	27	28	28	1010	5:47 am	5:46 pm	82	1.55	https://xemthoitiet.vn/thoi-tiet/thai-nguyen/7-ngay-toi/	2026-09-28 19:12:25
Thái Nguyên	T5 01/10	27	29	Mưa vừa	29	27	28	27	1011	5:47 am	5:45 pm	93	1.84	https://xemthoitiet.vn/thoi-tiet/thai-nguyen/7-ngay-toi/	2026-09-28 19:12:25
Thái Nguyên	T6 02/10	26	28	Mưa vừa	28	26	26	26	1011	5:47 am	5:44 pm	95	1.92	https://xemthoitiet.vn/thoi-tiet/thai-nguyen/7-ngay-toi/	2026-09-28 19:12:25
Thái Nguyên	T7 03/10	26	27	Mưa vừa	27	26	26	26	1011	5:48 am	5:43 pm	97	2.35	https://xemthoitiet.vn/thoi-tiet/thai-nguyen/7-ngay-toi/	2026-09-28 19:12:25
Thái Nguyên	CN 04/10	26	27	Mưa vừa	27	26	26	26	1010	5:48 am	5:42 pm	96	2.13	https://xemthoitiet.vn/thoi-tiet/thai-nguyen/7-ngay-toi/	2026-09-28 19:12:25
Lạng Sơn	Hôm nay	25	30	Mưa nhẹ	30	25	25	27	1007	5:43 am	5:44 pm	70	3.71	https://xemthoitiet.vn/thoi-tiet/lang-son/7-ngay-toi/	2026-09-28 19:12:28
Lạng Sơn	T3 29/09	25	31	Mưa nhẹ	31	25	26	27	1009	5:43 am	5:43 pm	69	2.96	https://xemthoitiet.vn/thoi-tiet/lang-son/7-ngay-toi/	2026-09-28 19:12:28
Lạng Sơn	T4 30/09	25	30	Mưa nhẹ	30	26	26	27	1010	5:43 am	5:42 pm	83	2.02	https://xemthoitiet.vn/thoi-tiet/lang-son/7-ngay-toi/	2026-09-28 19:12:28
Lạng Sơn	T5 01/10	25	27	Mưa vừa	27	25	26	26	1011	5:44 am	5:41 pm	91	2.15	https://xemthoitiet.vn/thoi-tiet/lang-son/7-ngay-toi/	2026-09-28 19:12:28
Lạng Sơn	T6 02/10	24	26	Mưa vừa	26	24	25	25	1011	5:44 am	5:40 pm	93	2.71	https://xemthoitiet.vn/thoi-tiet/lang-son/7-ngay-toi/	2026-09-28 19:12:28
Lạng Sơn	T7 03/10	24	25	Mưa vừa	25	24	24	24	1011	5:44 am	5:39 pm	96	3.2	https://xemthoitiet.vn/thoi-tiet/lang-son/7-ngay-toi/	2026-09-28 19:12:28
Lạng Sơn	CN 04/10	24	25	Mưa vừa	25	24	24	25	1010	5:44 am	5:38 pm	96	2.74	https://xemthoitiet.vn/thoi-tiet/lang-son/7-ngay-toi/	2026-09-28 19:12:28
Quảng Ninh	Hôm nay	29	30	Mây thưa	30	29	29	29	1008	5:41 am	5:43 pm	78	5.66	https://xemthoitiet.vn/thoi-tiet/quang-ninh/7-ngay-toi/	2026-09-28 19:12:31
Quảng Ninh	T3 29/09	29	30	Mây rải rác	30	29	29	29	1009	5:42 am	5:42 pm	77	4.56	https://xemthoitiet.vn/thoi-tiet/quang-ninh/7-ngay-toi/	2026-09-28 19:12:31
Quảng Ninh	T4 30/09	29	31	Mưa nhẹ	31	29	29	29	1009	5:42 am	5:41 pm	79	3.43	https://xemthoitiet.vn/thoi-tiet/quang-ninh/7-ngay-toi/	2026-09-28 19:12:31
Quảng Ninh	T5 01/10	28	29	Mưa nhẹ	29	28	29	29	1010	5:42 am	5:40 pm	85	3.66	https://xemthoitiet.vn/thoi-tiet/quang-ninh/7-ngay-toi/	2026-09-28 19:12:31
Quảng Ninh	T6 02/10	28	28	Mưa vừa	28	28	28	28	1011	5:42 am	5:39 pm	88	5.07	https://xemthoitiet.vn/thoi-tiet/quang-ninh/7-ngay-toi/	2026-09-28 19:12:31
Quảng Ninh	T7 03/10	28	28	Mưa vừa	28	28	28	28	1010	5:43 am	5:38 pm	90	5.8	https://xemthoitiet.vn/thoi-tiet/quang-ninh/7-ngay-toi/	2026-09-28 19:12:31
Quảng Ninh	CN 04/10	28	28	Mưa vừa	28	28	28	28	1010	5:43 am	5:37 pm	90	5.04	https://xemthoitiet.vn/thoi-tiet/quang-ninh/7-ngay-toi/	2026-09-28 19:12:31
Bắc Giang	Hôm nay	27	33	Mây thưa	33	27	27	29	1007	5:45 am	5:46 pm	64	3.47	https://xemthoitiet.vn/thoi-tiet/bac-giang/7-ngay-toi/	2026-09-28 19:12:33
Bắc Giang	T3 29/09	27	33	Mây rải rác	33	27	27	29	1009	5:45 am	5:45 pm	64	2.67	https://xemthoitiet.vn/thoi-tiet/bac-giang/7-ngay-toi/	2026-09-28 19:12:33
Bắc Giang	T4 30/09	27	32	Mưa nhẹ	32	28	28	29	1010	5:45 am	5:44 pm	77	1.91	https://xemthoitiet.vn/thoi-tiet/bac-giang/7-ngay-toi/	2026-09-28 19:12:33
Bắc Giang	T5 01/10	27	29	Mưa nhẹ	29	27	28	28	1010	5:46 am	5:43 pm	90	2.19	https://xemthoitiet.vn/thoi-tiet/bac-giang/7-ngay-toi/	2026-09-28 19:12:33
Bắc Giang	T6 02/10	26	28	Mưa vừa	28	26	27	27	1011	5:46 am	5:42 pm	92	2.54	https://xemthoitiet.vn/thoi-tiet/bac-giang/7-ngay-toi/	2026-09-28 19:12:33
Bắc Giang	T7 03/10	26	27	Mưa vừa	27	26	26	27	1010	5:46 am	5:41 pm	95	3.1	https://xemthoitiet.vn/thoi-tiet/bac-giang/7-ngay-toi/	2026-09-28 19:12:33
Bắc Giang	CN 04/10	26	28	Mưa vừa	28	26	26	27	1010	5:46 am	5:41 pm	94	2.38	https://xemthoitiet.vn/thoi-tiet/bac-giang/7-ngay-toi/	2026-09-28 19:12:33
Phú Thọ	Hôm nay	26	35	Mưa nhẹ	35	26	26	29	1008	5:49 am	5:50 pm	55	2.41	https://xemthoitiet.vn/thoi-tiet/phu-tho/7-ngay-toi/	2026-09-28 19:12:36
Phú Thọ	T3 29/09	26	35	Mưa nhẹ	35	27	27	29	1009	5:49 am	5:49 pm	56	1.86	https://xemthoitiet.vn/thoi-tiet/phu-tho/7-ngay-toi/	2026-09-28 19:12:36
Phú Thọ	T4 30/09	27	32	Mưa nhẹ	32	27	27	28	1010	5:49 am	5:48 pm	80	1.34	https://xemthoitiet.vn/thoi-tiet/phu-tho/7-ngay-toi/	2026-09-28 19:12:36
Phú Thọ	T5 01/10	27	29	Mưa vừa	29	27	28	28	1011	5:50 am	5:47 pm	94	1.51	https://xemthoitiet.vn/thoi-tiet/phu-tho/7-ngay-toi/	2026-09-28 19:12:36
Phú Thọ	T6 02/10	26	28	Mưa vừa	28	26	27	27	1011	5:50 am	5:46 pm	97	1.48	https://xemthoitiet.vn/thoi-tiet/phu-tho/7-ngay-toi/	2026-09-28 19:12:36
Phú Thọ	T7 03/10	26	28	Mưa vừa	28	26	26	27	1011	5:50 am	5:45 pm	97	1.72	https://xemthoitiet.vn/thoi-tiet/phu-tho/7-ngay-toi/	2026-09-28 19:12:36
Phú Thọ	CN 04/10	26	28	Mưa vừa	28	26	26	27	1010	5:50 am	5:44 pm	96	1.68	https://xemthoitiet.vn/thoi-tiet/phu-tho/7-ngay-toi/	2026-09-28 19:12:36
Lào Cai	Hôm nay	26	37	Mưa nhẹ	37	26	27	29	1008	5:54 am	5:55 pm	48	2.3	https://xemthoitiet.vn/thoi-tiet/lao-cai/7-ngay-toi/	2026-09-28 19:12:39
Lào Cai	T3 29/09	26	36	Mưa nhẹ	36	27	26	28	1010	5:54 am	5:54 pm	50	2.11	https://xemthoitiet.vn/thoi-tiet/lao-cai/7-ngay-toi/	2026-09-28 19:12:39
Lào Cai	T4 30/09	27	33	Mưa vừa	33	27	27	28	1011	5:55 am	5:53 pm	81	1.36	https://xemthoitiet.vn/thoi-tiet/lao-cai/7-ngay-toi/	2026-09-28 19:12:39
Lào Cai	T5 01/10	27	30	Mưa vừa	30	27	27	28	1012	5:55 am	5:52 pm	96	1.24	https://xemthoitiet.vn/thoi-tiet/lao-cai/7-ngay-toi/	2026-09-28 19:12:39
Lào Cai	T6 02/10	26	29	Mưa vừa	29	26	27	27	1011	5:55 am	5:51 pm	94	1.64	https://xemthoitiet.vn/thoi-tiet/lao-cai/7-ngay-toi/	2026-09-28 19:12:39
Lào Cai	T7 03/10	26	29	Mưa vừa	29	27	26	27	1011	5:55 am	5:50 pm	95	1.22	https://xemthoitiet.vn/thoi-tiet/lao-cai/7-ngay-toi/	2026-09-28 19:12:39
Lào Cai	CN 04/10	26	30	Mưa nhẹ	30	27	26	28	1010	5:56 am	5:49 pm	94	1.46	https://xemthoitiet.vn/thoi-tiet/lao-cai/7-ngay-toi/	2026-09-28 19:12:39
Điện Biên	Hôm nay	24	33	Mưa nhẹ	33	24	24	26	1009	5:58 am	5:59 pm	45	2.41	https://xemthoitiet.vn/thoi-tiet/dien-bien/7-ngay-toi/	2026-09-28 19:12:42
Điện Biên	T3 29/09	23	32	Mưa nhẹ	32	24	23	26	1011	5:58 am	5:58 pm	51	2.14	https://xemthoitiet.vn/thoi-tiet/dien-bien/7-ngay-toi/	2026-09-28 19:12:42
Điện Biên	T4 30/09	24	30	Mưa nhẹ	30	24	24	26	1012	5:58 am	5:57 pm	68	1.84	https://xemthoitiet.vn/thoi-tiet/dien-bien/7-ngay-toi/	2026-09-28 19:12:42
Điện Biên	T5 01/10	24	28	Mưa nhẹ	28	24	24	25	1012	5:58 am	5:56 pm	91	1.38	https://xemthoitiet.vn/thoi-tiet/dien-bien/7-ngay-toi/	2026-09-28 19:12:42
Điện Biên	T6 02/10	24	29	Mưa nhẹ	29	24	24	25	1011	5:59 am	5:55 pm	76	1.47	https://xemthoitiet.vn/thoi-tiet/dien-bien/7-ngay-toi/	2026-09-28 19:12:42
Điện Biên	T7 03/10	23	29	Mưa nhẹ	29	24	23	25	1011	5:59 am	5:54 pm	77	1.3	https://xemthoitiet.vn/thoi-tiet/dien-bien/7-ngay-toi/	2026-09-28 19:12:42
Điện Biên	CN 04/10	24	29	Mưa nhẹ	29	24	24	25	1010	5:59 am	5:53 pm	75	1.64	https://xemthoitiet.vn/thoi-tiet/dien-bien/7-ngay-toi/	2026-09-28 19:12:42
Lai Châu	Hôm nay	21	31	Mưa nhẹ	31	21	22	24	1009	5:56 am	5:57 pm	46	2.36	https://xemthoitiet.vn/thoi-tiet/lai-chau/7-ngay-toi/	2026-09-28 19:12:44
Lai Châu	T3 29/09	21	31	Mưa nhẹ	31	21	21	23	1010	5:56 am	5:56 pm	50	2.14	https://xemthoitiet.vn/thoi-tiet/lai-chau/7-ngay-toi/	2026-09-28 19:12:44
Lai Châu	T4 30/09	21	28	Mưa nhẹ	28	22	21	23	1011	5:56 am	5:55 pm	73	1.57	https://xemthoitiet.vn/thoi-tiet/lai-chau/7-ngay-toi/	2026-09-28 19:12:44
Lai Châu	T5 01/10	21	25	Mưa nhẹ	25	21	22	23	1012	5:57 am	5:54 pm	95	1.15	https://xemthoitiet.vn/thoi-tiet/lai-chau/7-ngay-toi/	2026-09-28 19:12:44
Lai Châu	T6 02/10	21	25	Mưa nhẹ	25	21	21	22	1011	5:57 am	5:53 pm	84	1.45	https://xemthoitiet.vn/thoi-tiet/lai-chau/7-ngay-toi/	2026-09-28 19:12:44
Lai Châu	T7 03/10	21	25	Mưa nhẹ	25	21	21	22	1011	5:57 am	5:52 pm	91	1.16	https://xemthoitiet.vn/thoi-tiet/lai-chau/7-ngay-toi/	2026-09-28 19:12:44
Lai Châu	CN 04/10	21	26	Mưa nhẹ	26	21	21	23	1010	5:58 am	5:51 pm	87	1.58	https://xemthoitiet.vn/thoi-tiet/lai-chau/7-ngay-toi/	2026-09-28 19:12:44
Sơn La	Hôm nay	22	32	Mưa nhẹ	32	23	22	24	1009	5:54 am	5:55 pm	46	2.01	https://xemthoitiet.vn/thoi-tiet/son-la/7-ngay-toi/	2026-09-28 19:12:47
Sơn La	T3 29/09	22	31	Mưa nhẹ	31	23	22	24	1010	5:54 am	5:54 pm	49	1.77	https://xemthoitiet.vn/thoi-tiet/son-la/7-ngay-toi/	2026-09-28 19:12:47
Sơn La	T4 30/09	22	28	Mưa nhẹ	28	23	22	24	1011	5:55 am	5:53 pm	82	1.65	https://xemthoitiet.vn/thoi-tiet/son-la/7-ngay-toi/	2026-09-28 19:12:47
Sơn La	T5 01/10	23	26	Mưa nhẹ	26	23	23	24	1012	5:55 am	5:52 pm	95	1.19	https://xemthoitiet.vn/thoi-tiet/son-la/7-ngay-toi/	2026-09-28 19:12:47
Sơn La	T6 02/10	23	25	Mưa vừa	25	23	23	24	1011	5:55 am	5:51 pm	93	1.12	https://xemthoitiet.vn/thoi-tiet/son-la/7-ngay-toi/	2026-09-28 19:12:47
Sơn La	T7 03/10	23	27	Mưa vừa	27	23	23	24	1011	5:55 am	5:51 pm	89	1.18	https://xemthoitiet.vn/thoi-tiet/son-la/7-ngay-toi/	2026-09-28 19:12:47
Sơn La	CN 04/10	23	26	Mưa nhẹ	26	23	23	24	1010	5:56 am	5:50 pm	90	1.59	https://xemthoitiet.vn/thoi-tiet/son-la/7-ngay-toi/	2026-09-28 19:12:47
Yên Bái	Hôm nay	26	36	Mưa nhẹ	36	26	26	29	1008	5:50 am	5:51 pm	52	2.15	https://xemthoitiet.vn/thoi-tiet/yen-bai/7-ngay-toi/	2026-09-28 19:12:50
Yên Bái	T3 29/09	26	35	Mưa nhẹ	35	26	26	29	1009	5:50 am	5:50 pm	53	1.92	https://xemthoitiet.vn/thoi-tiet/yen-bai/7-ngay-toi/	2026-09-28 19:12:50
Yên Bái	T4 30/09	26	32	Mưa nhẹ	32	27	27	28	1010	5:51 am	5:49 pm	84	1.31	https://xemthoitiet.vn/thoi-tiet/yen-bai/7-ngay-toi/	2026-09-28 19:12:50
Yên Bái	T5 01/10	26	29	Mưa vừa	29	26	27	27	1011	5:51 am	5:48 pm	96	1.4	https://xemthoitiet.vn/thoi-tiet/yen-bai/7-ngay-toi/	2026-09-28 19:12:50
Yên Bái	T6 02/10	26	28	Mưa vừa	28	26	26	27	1012	5:51 am	5:47 pm	99	1.58	https://xemthoitiet.vn/thoi-tiet/yen-bai/7-ngay-toi/	2026-09-28 19:12:50
Yên Bái	T7 03/10	26	28	Mưa vừa	28	26	26	27	1011	5:51 am	5:46 pm	97	1.5	https://xemthoitiet.vn/thoi-tiet/yen-bai/7-ngay-toi/	2026-09-28 19:12:50
Yên Bái	CN 04/10	26	28	Mưa vừa	28	26	26	27	1010	5:52 am	5:46 pm	96	1.68	https://xemthoitiet.vn/thoi-tiet/yen-bai/7-ngay-toi/	2026-09-28 19:12:50
Hòa Bình	Hôm nay	26	34	Mưa nhẹ	34	27	26	29	1008	5:48 am	5:50 pm	58	2.62	https://xemthoitiet.vn/thoi-tiet/hoa-binh/7-ngay-toi/	2026-09-28 19:12:52
Hòa Bình	T3 29/09	27	34	Mưa nhẹ	34	27	27	29	1009	5:48 am	5:49 pm	59	1.94	https://xemthoitiet.vn/thoi-tiet/hoa-binh/7-ngay-toi/	2026-09-28 19:12:52
Hòa Bình	T4 30/09	27	32	Mưa nhẹ	32	27	27	28	1010	5:49 am	5:48 pm	77	1.58	https://xemthoitiet.vn/thoi-tiet/hoa-binh/7-ngay-toi/	2026-09-28 19:12:52
Hòa Bình	T5 01/10	27	29	Mưa nhẹ	29	27	28	28	1011	5:49 am	5:47 pm	92	1.62	https://xemthoitiet.vn/thoi-tiet/hoa-binh/7-ngay-toi/	2026-09-28 19:12:52
Hòa Bình	T6 02/10	26	28	Mưa vừa	28	26	27	27	1011	5:49 am	5:46 pm	95	1.39	https://xemthoitiet.vn/thoi-tiet/hoa-binh/7-ngay-toi/	2026-09-28 19:12:52
Hòa Bình	T7 03/10	26	28	Mưa vừa	28	26	27	27	1011	5:49 am	5:45 pm	95	1.95	https://xemthoitiet.vn/thoi-tiet/hoa-binh/7-ngay-toi/	2026-09-28 19:12:52
Hòa Bình	CN 04/10	26	28	Mưa vừa	28	26	27	27	1010	5:50 am	5:44 pm	94	1.69	https://xemthoitiet.vn/thoi-tiet/hoa-binh/7-ngay-toi/	2026-09-28 19:12:52
Hà Nội	Hôm nay	26	34	Mưa nhẹ	34	27	27	29	1008	5:46 am	5:48 pm	61	3.05	https://xemthoitiet.vn/thoi-tiet/ha-noi/7-ngay-toi/	2026-09-28 19:12:55
Hà Nội	T3 29/09	27	34	Mưa nhẹ	34	27	27	29	1009	5:47 am	5:47 pm	61	2.22	https://xemthoitiet.vn/thoi-tiet/ha-noi/7-ngay-toi/	2026-09-28 19:12:55
Hà Nội	T4 30/09	27	32	Mưa nhẹ	32	28	28	29	1010	5:47 am	5:46 pm	74	1.6	https://xemthoitiet.vn/thoi-tiet/ha-noi/7-ngay-toi/	2026-09-28 19:12:55
Hà Nội	T5 01/10	27	29	Mưa nhẹ	29	27	28	28	1011	5:47 am	5:45 pm	90	1.93	https://xemthoitiet.vn/thoi-tiet/ha-noi/7-ngay-toi/	2026-09-28 19:12:55
Hà Nội	T6 02/10	26	28	Mưa vừa	28	26	27	27	1011	5:47 am	5:44 pm	93	1.93	https://xemthoitiet.vn/thoi-tiet/ha-noi/7-ngay-toi/	2026-09-28 19:12:55
Hà Nội	T7 03/10	26	28	Mưa vừa	28	26	26	27	1010	5:48 am	5:43 pm	95	2.57	https://xemthoitiet.vn/thoi-tiet/ha-noi/7-ngay-toi/	2026-09-28 19:12:55
Hà Nội	CN 04/10	26	28	Mưa vừa	28	26	26	27	1010	5:48 am	5:42 pm	94	2.01	https://xemthoitiet.vn/thoi-tiet/ha-noi/7-ngay-toi/	2026-09-28 19:12:55
Vĩnh Phúc	Hôm nay	26	35	Mưa nhẹ	35	27	26	29	1008	5:47 am	5:49 pm	58	2.81	https://xemthoitiet.vn/thoi-tiet/vinh-phuc/7-ngay-toi/	2026-09-28 19:12:58
Vĩnh Phúc	T3 29/09	27	34	Mưa nhẹ	34	27	27	29	1009	5:47 am	5:48 pm	59	2.14	https://xemthoitiet.vn/thoi-tiet/vinh-phuc/7-ngay-toi/	2026-09-28 19:12:58
Vĩnh Phúc	T4 30/09	27	32	Mưa nhẹ	32	27	28	28	1010	5:48 am	5:47 pm	79	1.48	https://xemthoitiet.vn/thoi-tiet/vinh-phuc/7-ngay-toi/	2026-09-28 19:12:58
Vĩnh Phúc	T5 01/10	27	29	Mưa vừa	29	27	28	28	1011	5:48 am	5:46 pm	92	1.75	https://xemthoitiet.vn/thoi-tiet/vinh-phuc/7-ngay-toi/	2026-09-28 19:12:58
Vĩnh Phúc	T6 02/10	26	28	Mưa vừa	28	26	27	27	1011	5:48 am	5:45 pm	95	1.72	https://xemthoitiet.vn/thoi-tiet/vinh-phuc/7-ngay-toi/	2026-09-28 19:12:58
Vĩnh Phúc	T7 03/10	26	28	Mưa vừa	28	26	26	27	1011	5:49 am	5:44 pm	96	2.17	https://xemthoitiet.vn/thoi-tiet/vinh-phuc/7-ngay-toi/	2026-09-28 19:12:58
Vĩnh Phúc	CN 04/10	26	28	Mưa vừa	28	26	26	27	1010	5:49 am	5:43 pm	95	1.92	https://xemthoitiet.vn/thoi-tiet/vinh-phuc/7-ngay-toi/	2026-09-28 19:12:58
Bắc Ninh	Hôm nay	27	33	Mây thưa	33	27	27	29	1007	5:45 am	5:47 pm	63	3.34	https://xemthoitiet.vn/thoi-tiet/bac-ninh/7-ngay-toi/	2026-09-28 19:13:00
Bắc Ninh	T3 29/09	27	33	Mây rải rác	33	27	27	29	1009	5:46 am	5:46 pm	63	2.51	https://xemthoitiet.vn/thoi-tiet/bac-ninh/7-ngay-toi/	2026-09-28 19:13:00
Bắc Ninh	T4 30/09	27	32	Mưa nhẹ	32	28	28	29	1010	5:46 am	5:45 pm	76	1.81	https://xemthoitiet.vn/thoi-tiet/bac-ninh/7-ngay-toi/	2026-09-28 19:13:00
Bắc Ninh	T5 01/10	27	29	Mưa nhẹ	29	27	28	28	1010	5:46 am	5:44 pm	90	2.11	https://xemthoitiet.vn/thoi-tiet/bac-ninh/7-ngay-toi/	2026-09-28 19:13:00
Bắc Ninh	T6 02/10	26	28	Mưa vừa	28	26	27	27	1011	5:46 am	5:43 pm	92	2.34	https://xemthoitiet.vn/thoi-tiet/bac-ninh/7-ngay-toi/	2026-09-28 19:13:00
Bắc Ninh	T7 03/10	26	28	Mưa vừa	28	26	26	27	1010	5:47 am	5:42 pm	95	2.92	https://xemthoitiet.vn/thoi-tiet/bac-ninh/7-ngay-toi/	2026-09-28 19:13:00
Bắc Ninh	CN 04/10	26	28	Mưa vừa	28	26	26	27	1010	5:47 am	5:41 pm	94	2.25	https://xemthoitiet.vn/thoi-tiet/bac-ninh/7-ngay-toi/	2026-09-28 19:13:00
Hải Dương	Hôm nay	27	33	Bầu trời quang đãng	33	28	28	29	1008	5:44 am	5:46 pm	67	3.8	https://xemthoitiet.vn/thoi-tiet/hai-duong/7-ngay-toi/	2026-09-28 19:13:03
Hải Dương	T3 29/09	28	32	Mây rải rác	32	28	28	29	1009	5:45 am	5:45 pm	67	2.89	https://xemthoitiet.vn/thoi-tiet/hai-duong/7-ngay-toi/	2026-09-28 19:13:03
Hải Dương	T4 30/09	28	32	Mưa nhẹ	32	28	29	29	1010	5:45 am	5:44 pm	75	2.27	https://xemthoitiet.vn/thoi-tiet/hai-duong/7-ngay-toi/	2026-09-28 19:13:03
Hải Dương	T5 01/10	28	30	Mưa nhẹ	30	28	29	28	1010	5:45 am	5:43 pm	88	2.55	https://xemthoitiet.vn/thoi-tiet/hai-duong/7-ngay-toi/	2026-09-28 19:13:03
Hải Dương	T6 02/10	27	28	Mưa vừa	28	27	27	27	1011	5:45 am	5:42 pm	91	3.18	https://xemthoitiet.vn/thoi-tiet/hai-duong/7-ngay-toi/	2026-09-28 19:13:03
Hải Dương	T7 03/10	27	28	Mưa vừa	28	27	27	27	1010	5:46 am	5:41 pm	93	3.75	https://xemthoitiet.vn/thoi-tiet/hai-duong/7-ngay-toi/	2026-09-28 19:13:03
Hải Dương	CN 04/10	27	28	Mưa vừa	28	27	27	27	1010	5:46 am	5:40 pm	93	2.95	https://xemthoitiet.vn/thoi-tiet/hai-duong/7-ngay-toi/	2026-09-28 19:13:03
Hải Phòng	Hôm nay	28	31	Mây thưa	31	29	28	30	1008	5:43 am	5:44 pm	73	4.7	https://xemthoitiet.vn/thoi-tiet/hai-phong/7-ngay-toi/	2026-09-28 19:13:05
Hải Phòng	T3 29/09	28	31	Mây rải rác	31	29	28	30	1009	5:43 am	5:43 pm	73	3.85	https://xemthoitiet.vn/thoi-tiet/hai-phong/7-ngay-toi/	2026-09-28 19:13:05
Hải Phòng	T4 30/09	29	31	Mưa nhẹ	31	29	29	30	1009	5:43 am	5:42 pm	77	2.95	https://xemthoitiet.vn/thoi-tiet/hai-phong/7-ngay-toi/	2026-09-28 19:13:05
Hải Phòng	T5 01/10	28	30	Mưa nhẹ	30	28	29	29	1010	5:44 am	5:41 pm	86	3.23	https://xemthoitiet.vn/thoi-tiet/hai-phong/7-ngay-toi/	2026-09-28 19:13:05
Hải Phòng	T6 02/10	27	28	Mưa vừa	28	27	28	28	1011	5:44 am	5:41 pm	89	4.38	https://xemthoitiet.vn/thoi-tiet/hai-phong/7-ngay-toi/	2026-09-28 19:13:05
Hải Phòng	T7 03/10	27	28	Mưa vừa	28	28	27	28	1010	5:44 am	5:40 pm	91	4.86	https://xemthoitiet.vn/thoi-tiet/hai-phong/7-ngay-toi/	2026-09-28 19:13:05
Hải Phòng	CN 04/10	28	28	Mưa vừa	28	28	28	28	1010	5:44 am	5:39 pm	91	4.16	https://xemthoitiet.vn/thoi-tiet/hai-phong/7-ngay-toi/	2026-09-28 19:13:05
Hưng Yên	Hôm nay	27	33	Bầu trời quang đãng	33	28	27	29	1008	5:45 am	5:47 pm	64	3.54	https://xemthoitiet.vn/thoi-tiet/hung-yen/7-ngay-toi/	2026-09-28 19:13:08
Hưng Yên	T3 29/09	28	33	Mây cụm	33	28	28	30	1009	5:46 am	5:46 pm	65	2.7	https://xemthoitiet.vn/thoi-tiet/hung-yen/7-ngay-toi/	2026-09-28 19:13:08
Hưng Yên	T4 30/09	28	32	Mưa nhẹ	32	28	28	29	1010	5:46 am	5:45 pm	74	1.94	https://xemthoitiet.vn/thoi-tiet/hung-yen/7-ngay-toi/	2026-09-28 19:13:08
Hưng Yên	T5 01/10	28	29	Mưa nhẹ	29	28	29	28	1010	5:46 am	5:44 pm	87	2.47	https://xemthoitiet.vn/thoi-tiet/hung-yen/7-ngay-toi/	2026-09-28 19:13:08
Hưng Yên	T6 02/10	27	28	Mưa vừa	28	27	27	27	1011	5:46 am	5:43 pm	90	2.87	https://xemthoitiet.vn/thoi-tiet/hung-yen/7-ngay-toi/	2026-09-28 19:13:08
Hưng Yên	T7 03/10	27	28	Mưa vừa	28	27	27	27	1010	5:47 am	5:42 pm	92	3.42	https://xemthoitiet.vn/thoi-tiet/hung-yen/7-ngay-toi/	2026-09-28 19:13:08
Hưng Yên	CN 04/10	27	28	Mưa vừa	28	27	27	27	1010	5:47 am	5:41 pm	92	2.51	https://xemthoitiet.vn/thoi-tiet/hung-yen/7-ngay-toi/	2026-09-28 19:13:08
Thái Bình	Hôm nay	28	32	Bầu trời quang đãng	32	29	28	30	1008	5:44 am	5:46 pm	69	4.46	https://xemthoitiet.vn/thoi-tiet/thai-binh/7-ngay-toi/	2026-09-28 19:13:10
Thái Bình	T3 29/09	28	32	Mây cụm	32	29	28	30	1009	5:44 am	5:45 pm	70	3.81	https://xemthoitiet.vn/thoi-tiet/thai-binh/7-ngay-toi/	2026-09-28 19:13:10
Thái Bình	T4 30/09	29	31	Mưa nhẹ	31	29	29	30	1010	5:45 am	5:44 pm	76	2.58	https://xemthoitiet.vn/thoi-tiet/thai-binh/7-ngay-toi/	2026-09-28 19:13:10
Thái Bình	T5 01/10	28	30	Mưa nhẹ	30	28	29	29	1010	5:45 am	5:43 pm	86	3.12	https://xemthoitiet.vn/thoi-tiet/thai-binh/7-ngay-toi/	2026-09-28 19:13:10
Thái Bình	T6 02/10	28	29	Mưa vừa	29	28	28	28	1010	5:45 am	5:42 pm	88	4.1	https://xemthoitiet.vn/thoi-tiet/thai-binh/7-ngay-toi/	2026-09-28 19:13:10
Thái Bình	T7 03/10	28	28	Mưa vừa	28	28	28	28	1010	5:45 am	5:41 pm	90	4.47	https://xemthoitiet.vn/thoi-tiet/thai-binh/7-ngay-toi/	2026-09-28 19:13:10
Thái Bình	CN 04/10	28	28	Mưa vừa	28	28	28	28	1010	5:46 am	5:40 pm	90	3.63	https://xemthoitiet.vn/thoi-tiet/thai-binh/7-ngay-toi/	2026-09-28 19:13:10
Hà Nam	Hôm nay	27	33	Mây thưa	33	28	27	29	1008	5:46 am	5:47 pm	63	3.41	https://xemthoitiet.vn/thoi-tiet/ha-nam/7-ngay-toi/	2026-09-28 19:13:13
Hà Nam	T3 29/09	28	33	Mây cụm	33	28	28	30	1009	5:46 am	5:46 pm	64	2.66	https://xemthoitiet.vn/thoi-tiet/ha-nam/7-ngay-toi/	2026-09-28 19:13:13
Hà Nam	T4 30/09	28	32	Mưa nhẹ	32	28	28	29	1010	5:46 am	5:45 pm	75	1.78	https://xemthoitiet.vn/thoi-tiet/ha-nam/7-ngay-toi/	2026-09-28 19:13:13
Hà Nam	T5 01/10	28	30	Mưa nhẹ	30	28	29	28	1010	5:47 am	5:45 pm	88	2.35	https://xemthoitiet.vn/thoi-tiet/ha-nam/7-ngay-toi/	2026-09-28 19:13:13
Hà Nam	T6 02/10	27	28	Mưa vừa	28	27	27	27	1011	5:47 am	5:44 pm	91	2.63	https://xemthoitiet.vn/thoi-tiet/ha-nam/7-ngay-toi/	2026-09-28 19:13:13
Hà Nam	T7 03/10	27	28	Mưa vừa	28	27	27	27	1010	5:47 am	5:43 pm	92	3.19	https://xemthoitiet.vn/thoi-tiet/ha-nam/7-ngay-toi/	2026-09-28 19:13:13
Hà Nam	CN 04/10	27	28	Mưa vừa	28	27	27	27	1010	5:47 am	5:42 pm	92	2.37	https://xemthoitiet.vn/thoi-tiet/ha-nam/7-ngay-toi/	2026-09-28 19:13:13
Nam Định	Hôm nay	28	32	Bầu trời quang đãng	32	28	28	30	1008	5:45 am	5:46 pm	66	4.05	https://xemthoitiet.vn/thoi-tiet/nam-dinh/7-ngay-toi/	2026-09-28 19:13:16
Nam Định	T3 29/09	28	32	Mây cụm	32	28	28	30	1009	5:45 am	5:45 pm	68	3.45	https://xemthoitiet.vn/thoi-tiet/nam-dinh/7-ngay-toi/	2026-09-28 19:13:16
Nam Định	T4 30/09	28	31	Mưa nhẹ	31	29	29	30	1010	5:45 am	5:44 pm	76	2.26	https://xemthoitiet.vn/thoi-tiet/nam-dinh/7-ngay-toi/	2026-09-28 19:13:16
Nam Định	T5 01/10	28	30	Mưa nhẹ	30	28	29	29	1010	5:46 am	5:44 pm	86	2.86	https://xemthoitiet.vn/thoi-tiet/nam-dinh/7-ngay-toi/	2026-09-28 19:13:16
Nam Định	T6 02/10	28	28	Mưa vừa	28	28	28	28	1011	5:46 am	5:43 pm	89	3.61	https://xemthoitiet.vn/thoi-tiet/nam-dinh/7-ngay-toi/	2026-09-28 19:13:16
Nam Định	T7 03/10	28	28	Mưa vừa	28	28	28	28	1010	5:46 am	5:42 pm	91	4.02	https://xemthoitiet.vn/thoi-tiet/nam-dinh/7-ngay-toi/	2026-09-28 19:13:16
Nam Định	CN 04/10	28	28	Mưa nhẹ	28	28	28	28	1010	5:46 am	5:41 pm	90	3.12	https://xemthoitiet.vn/thoi-tiet/nam-dinh/7-ngay-toi/	2026-09-28 19:13:16
Ninh Bình	Hôm nay	28	32	Mây thưa	32	28	28	29	1008	5:46 am	5:47 pm	64	4.0	https://xemthoitiet.vn/thoi-tiet/ninh-binh/7-ngay-toi/	2026-09-28 19:13:18
Ninh Bình	T3 29/09	28	32	Mây cụm	32	28	28	30	1009	5:46 am	5:46 pm	66	3.45	https://xemthoitiet.vn/thoi-tiet/ninh-binh/7-ngay-toi/	2026-09-28 19:13:18
Ninh Bình	T4 30/09	28	31	Mưa nhẹ	31	29	29	30	1010	5:46 am	5:45 pm	75	2.34	https://xemthoitiet.vn/thoi-tiet/ninh-binh/7-ngay-toi/	2026-09-28 19:13:18
Ninh Bình	T5 01/10	28	30	Mưa nhẹ	30	28	29	29	1010	5:46 am	5:44 pm	86	2.72	https://xemthoitiet.vn/thoi-tiet/ninh-binh/7-ngay-toi/	2026-09-28 19:13:18
Ninh Bình	T6 02/10	28	29	Mưa vừa	29	28	28	28	1010	5:47 am	5:44 pm	89	3.31	https://xemthoitiet.vn/thoi-tiet/ninh-binh/7-ngay-toi/	2026-09-28 19:13:18
Ninh Bình	T7 03/10	28	29	Mưa nhẹ	29	28	28	28	1010	5:47 am	5:43 pm	90	3.69	https://xemthoitiet.vn/thoi-tiet/ninh-binh/7-ngay-toi/	2026-09-28 19:13:18
Ninh Bình	CN 04/10	28	29	Mưa nhẹ	29	28	28	28	1010	5:47 am	5:42 pm	90	2.78	https://xemthoitiet.vn/thoi-tiet/ninh-binh/7-ngay-toi/	2026-09-28 19:13:18
Thanh Hóa	Hôm nay	27	31	Mây thưa	31	28	27	29	1009	5:46 am	5:48 pm	66	4.05	https://xemthoitiet.vn/thoi-tiet/thanh-hoa/7-ngay-toi/	2026-09-28 19:13:21
Thanh Hóa	T3 29/09	28	32	Mây cụm	32	28	28	30	1010	5:47 am	5:47 pm	68	3.76	https://xemthoitiet.vn/thoi-tiet/thanh-hoa/7-ngay-toi/	2026-09-28 19:13:21
Thanh Hóa	T4 30/09	28	31	Mưa nhẹ	31	29	28	29	1010	5:47 am	5:46 pm	77	2.76	https://xemthoitiet.vn/thoi-tiet/thanh-hoa/7-ngay-toi/	2026-09-28 19:13:21
Thanh Hóa	T5 01/10	28	30	Mưa nhẹ	30	28	29	29	1010	5:47 am	5:45 pm	87	2.57	https://xemthoitiet.vn/thoi-tiet/thanh-hoa/7-ngay-toi/	2026-09-28 19:13:21
Thanh Hóa	T6 02/10	28	29	Mưa vừa	29	28	28	28	1010	5:47 am	5:44 pm	89	3.22	https://xemthoitiet.vn/thoi-tiet/thanh-hoa/7-ngay-toi/	2026-09-28 19:13:21
Thanh Hóa	T7 03/10	28	29	Mưa nhẹ	29	28	28	28	1010	5:47 am	5:44 pm	89	3.38	https://xemthoitiet.vn/thoi-tiet/thanh-hoa/7-ngay-toi/	2026-09-28 19:13:21
Thanh Hóa	CN 04/10	28	29	Mưa nhẹ	29	28	28	28	1010	5:48 am	5:43 pm	89	2.68	https://xemthoitiet.vn/thoi-tiet/thanh-hoa/7-ngay-toi/	2026-09-28 19:13:21
Nghệ An	Hôm nay	27	30	Mưa nhẹ	30	28	27	29	1010	5:47 am	5:49 pm	78	3.68	https://xemthoitiet.vn/thoi-tiet/nghe-an/7-ngay-toi/	2026-09-28 19:13:24
Nghệ An	T3 29/09	27	31	Mưa nhẹ	31	28	27	29	1011	5:47 am	5:48 pm	78	3.56	https://xemthoitiet.vn/thoi-tiet/nghe-an/7-ngay-toi/	2026-09-28 19:13:24
Nghệ An	T4 30/09	28	31	Mưa nhẹ	31	28	28	29	1010	5:47 am	5:47 pm	80	2.91	https://xemthoitiet.vn/thoi-tiet/nghe-an/7-ngay-toi/	2026-09-28 19:13:24
Nghệ An	T5 01/10	28	30	Mưa nhẹ	30	28	28	29	1010	5:47 am	5:46 pm	85	2.15	https://xemthoitiet.vn/thoi-tiet/nghe-an/7-ngay-toi/	2026-09-28 19:13:24
Nghệ An	T6 02/10	28	30	Mưa nhẹ	30	28	28	29	1010	5:47 am	5:45 pm	86	2.93	https://xemthoitiet.vn/thoi-tiet/nghe-an/7-ngay-toi/	2026-09-28 19:13:24
Nghệ An	T7 03/10	28	30	Mưa nhẹ	30	28	28	29	1010	5:48 am	5:44 pm	86	2.93	https://xemthoitiet.vn/thoi-tiet/nghe-an/7-ngay-toi/	2026-09-28 19:13:24
Nghệ An	CN 04/10	28	30	Mưa nhẹ	30	28	28	29	1009	5:48 am	5:43 pm	84	2.51	https://xemthoitiet.vn/thoi-tiet/nghe-an/7-ngay-toi/	2026-09-28 19:13:24
Hà Tĩnh	Hôm nay	27	30	Mưa nhẹ	30	28	27	29	1010	5:46 am	5:48 pm	77	3.37	https://xemthoitiet.vn/thoi-tiet/ha-tinh/7-ngay-toi/	2026-09-28 19:13:26
Hà Tĩnh	T3 29/09	27	32	Mưa nhẹ	32	28	27	29	1011	5:46 am	5:47 pm	76	3.39	https://xemthoitiet.vn/thoi-tiet/ha-tinh/7-ngay-toi/	2026-09-28 19:13:26
Hà Tĩnh	T4 30/09	28	32	Mưa nhẹ	32	28	28	29	1010	5:46 am	5:46 pm	77	2.81	https://xemthoitiet.vn/thoi-tiet/ha-tinh/7-ngay-toi/	2026-09-28 19:13:26
Hà Tĩnh	T5 01/10	28	31	Mưa nhẹ	31	28	28	29	1010	5:46 am	5:45 pm	83	2.13	https://xemthoitiet.vn/thoi-tiet/ha-tinh/7-ngay-toi/	2026-09-28 19:13:26
Hà Tĩnh	T6 02/10	28	30	Mưa nhẹ	30	28	28	28	1010	5:46 am	5:44 pm	85	2.71	https://xemthoitiet.vn/thoi-tiet/ha-tinh/7-ngay-toi/	2026-09-28 19:13:26
Hà Tĩnh	T7 03/10	27	30	Mưa nhẹ	30	27	28	28	1010	5:47 am	5:43 pm	85	2.71	https://xemthoitiet.vn/thoi-tiet/ha-tinh/7-ngay-toi/	2026-09-28 19:13:26
Hà Tĩnh	CN 04/10	27	30	Mưa nhẹ	30	28	28	29	1009	5:47 am	5:43 pm	82	2.37	https://xemthoitiet.vn/thoi-tiet/ha-tinh/7-ngay-toi/	2026-09-28 19:13:26
Quảng Bình	Hôm nay	27	31	Mưa nhẹ	31	27	27	28	1010	5:44 am	5:46 pm	73	3.11	https://xemthoitiet.vn/thoi-tiet/quang-binh/7-ngay-toi/	2026-09-28 19:13:29
Quảng Bình	T3 29/09	27	31	Mưa nhẹ	31	28	27	29	1011	5:44 am	5:45 pm	74	3.26	https://xemthoitiet.vn/thoi-tiet/quang-binh/7-ngay-toi/	2026-09-28 19:13:29
Quảng Bình	T4 30/09	27	32	Mưa nhẹ	32	27	27	28	1010	5:44 am	5:44 pm	75	2.64	https://xemthoitiet.vn/thoi-tiet/quang-binh/7-ngay-toi/	2026-09-28 19:13:29
Quảng Bình	T5 01/10	27	31	Mưa nhẹ	31	27	27	28	1010	5:44 am	5:43 pm	81	2.29	https://xemthoitiet.vn/thoi-tiet/quang-binh/7-ngay-toi/	2026-09-28 19:13:29
Quảng Bình	T6 02/10	27	30	Mưa nhẹ	30	27	27	28	1010	5:44 am	5:43 pm	85	2.44	https://xemthoitiet.vn/thoi-tiet/quang-binh/7-ngay-toi/	2026-09-28 19:13:29
Quảng Bình	T7 03/10	27	30	Mưa nhẹ	30	27	27	28	1010	5:45 am	5:42 pm	85	2.44	https://xemthoitiet.vn/thoi-tiet/quang-binh/7-ngay-toi/	2026-09-28 19:13:29
Quảng Bình	CN 04/10	27	29	Mưa nhẹ	29	27	27	28	1009	5:45 am	5:41 pm	84	2.04	https://xemthoitiet.vn/thoi-tiet/quang-binh/7-ngay-toi/	2026-09-28 19:13:29
Quảng Trị	Hôm nay	27	32	Mưa nhẹ	32	27	27	27	1010	5:40 am	5:43 pm	69	3.14	https://xemthoitiet.vn/thoi-tiet/quang-tri/7-ngay-toi/	2026-09-28 19:13:32
Quảng Trị	T3 29/09	27	30	Mưa nhẹ	30	28	27	29	1011	5:40 am	5:42 pm	78	3.13	https://xemthoitiet.vn/thoi-tiet/quang-tri/7-ngay-toi/	2026-09-28 19:13:32
Quảng Trị	T4 30/09	27	31	Mưa nhẹ	31	27	28	28	1011	5:41 am	5:41 pm	79	2.72	https://xemthoitiet.vn/thoi-tiet/quang-tri/7-ngay-toi/	2026-09-28 19:13:32
Quảng Trị	T5 01/10	27	32	Mưa nhẹ	32	28	27	28	1010	5:41 am	5:40 pm	76	2.51	https://xemthoitiet.vn/thoi-tiet/quang-tri/7-ngay-toi/	2026-09-28 19:13:32
Quảng Trị	T6 02/10	27	31	Mưa nhẹ	31	27	27	28	1010	5:41 am	5:39 pm	82	2.69	https://xemthoitiet.vn/thoi-tiet/quang-tri/7-ngay-toi/	2026-09-28 19:13:32
Quảng Trị	T7 03/10	27	30	Mưa nhẹ	30	27	27	28	1010	5:41 am	5:39 pm	82	2.37	https://xemthoitiet.vn/thoi-tiet/quang-tri/7-ngay-toi/	2026-09-28 19:13:32
Quảng Trị	CN 04/10	27	28	Mưa nhẹ	28	27	27	28	1010	5:41 am	5:38 pm	88	2.05	https://xemthoitiet.vn/thoi-tiet/quang-tri/7-ngay-toi/	2026-09-28 19:13:32
Thừa Thiên Huế	Hôm nay	27	32	Mưa nhẹ	32	27	27	28	1010	5:39 am	5:41 pm	70	3.17	https://xemthoitiet.vn/thoi-tiet/thua-thien-hue/7-ngay-toi/	2026-09-28 19:13:34
Thừa Thiên Huế	T3 29/09	27	30	Mưa nhẹ	30	28	27	28	1012	5:39 am	5:40 pm	80	3.04	https://xemthoitiet.vn/thoi-tiet/thua-thien-hue/7-ngay-toi/	2026-09-28 19:13:34
Thừa Thiên Huế	T4 30/09	27	30	Mưa nhẹ	30	27	28	28	1012	5:39 am	5:40 pm	81	2.61	https://xemthoitiet.vn/thoi-tiet/thua-thien-hue/7-ngay-toi/	2026-09-28 19:13:34
Thừa Thiên Huế	T5 01/10	27	31	Mưa nhẹ	31	28	27	28	1010	5:39 am	5:39 pm	77	2.91	https://xemthoitiet.vn/thoi-tiet/thua-thien-hue/7-ngay-toi/	2026-09-28 19:13:34
Thừa Thiên Huế	T6 02/10	27	31	Mưa nhẹ	31	28	27	28	1010	5:39 am	5:38 pm	80	3.26	https://xemthoitiet.vn/thoi-tiet/thua-thien-hue/7-ngay-toi/	2026-09-28 19:13:34
Thừa Thiên Huế	T7 03/10	27	30	Mưa nhẹ	30	27	27	28	1011	5:39 am	5:37 pm	82	2.68	https://xemthoitiet.vn/thoi-tiet/thua-thien-hue/7-ngay-toi/	2026-09-28 19:13:34
Thừa Thiên Huế	CN 04/10	27	28	Mưa nhẹ	28	27	27	28	1010	5:40 am	5:37 pm	88	2.43	https://xemthoitiet.vn/thoi-tiet/thua-thien-hue/7-ngay-toi/	2026-09-28 19:13:34
Đà Nẵng	Hôm nay	27	33	Mưa nhẹ	33	27	27	28	1011	5:36 am	5:39 pm	71	3.37	https://xemthoitiet.vn/thoi-tiet/da-nang/7-ngay-toi/	2026-09-28 19:13:37
Đà Nẵng	T3 29/09	27	29	Mưa nhẹ	29	28	27	28	1012	5:36 am	5:38 pm	84	3.05	https://xemthoitiet.vn/thoi-tiet/da-nang/7-ngay-toi/	2026-09-28 19:13:37
Đà Nẵng	T4 30/09	28	29	Mưa nhẹ	29	28	28	28	1012	5:36 am	5:37 pm	84	2.54	https://xemthoitiet.vn/thoi-tiet/da-nang/7-ngay-toi/	2026-09-28 19:13:37
Đà Nẵng	T5 01/10	28	31	Mưa nhẹ	31	28	28	29	1010	5:36 am	5:36 pm	76	3.6	https://xemthoitiet.vn/thoi-tiet/da-nang/7-ngay-toi/	2026-09-28 19:13:37
Đà Nẵng	T6 02/10	28	31	Mưa nhẹ	31	28	28	29	1011	5:37 am	5:36 pm	77	4.02	https://xemthoitiet.vn/thoi-tiet/da-nang/7-ngay-toi/	2026-09-28 19:13:37
Đà Nẵng	T7 03/10	27	30	Mưa nhẹ	30	27	27	28	1011	5:37 am	5:35 pm	80	3.33	https://xemthoitiet.vn/thoi-tiet/da-nang/7-ngay-toi/	2026-09-28 19:13:37
Đà Nẵng	CN 04/10	27	29	Mưa nhẹ	29	27	27	28	1010	5:37 am	5:34 pm	85	3.02	https://xemthoitiet.vn/thoi-tiet/da-nang/7-ngay-toi/	2026-09-28 19:13:37
Quảng Nam	Hôm nay	27	32	Mưa nhẹ	32	27	27	29	1011	5:35 am	5:38 pm	72	3.33	https://xemthoitiet.vn/thoi-tiet/quang-nam/7-ngay-toi/	2026-09-28 19:13:40
Quảng Nam	T3 29/09	27	30	Mưa nhẹ	30	28	27	28	1012	5:35 am	5:37 pm	83	3.11	https://xemthoitiet.vn/thoi-tiet/quang-nam/7-ngay-toi/	2026-09-28 19:13:40
Quảng Nam	T4 30/09	27	29	Mưa nhẹ	29	27	28	28	1012	5:35 am	5:36 pm	86	2.35	https://xemthoitiet.vn/thoi-tiet/quang-nam/7-ngay-toi/	2026-09-28 19:13:40
Quảng Nam	T5 01/10	27	31	Mưa nhẹ	31	28	28	29	1010	5:35 am	5:35 pm	78	3.59	https://xemthoitiet.vn/thoi-tiet/quang-nam/7-ngay-toi/	2026-09-28 19:13:40
Quảng Nam	T6 02/10	27	31	Mưa nhẹ	31	28	27	29	1011	5:35 am	5:35 pm	78	3.82	https://xemthoitiet.vn/thoi-tiet/quang-nam/7-ngay-toi/	2026-09-28 19:13:40
Quảng Nam	T7 03/10	27	31	Mưa nhẹ	31	27	27	28	1011	5:36 am	5:34 pm	78	3.36	https://xemthoitiet.vn/thoi-tiet/quang-nam/7-ngay-toi/	2026-09-28 19:13:40
Quảng Nam	CN 04/10	27	30	Mưa nhẹ	30	27	27	28	1010	5:36 am	5:33 pm	83	2.94	https://xemthoitiet.vn/thoi-tiet/quang-nam/7-ngay-toi/	2026-09-28 19:13:40
Quảng Ngãi	Hôm nay	27	32	Mưa nhẹ	32	27	27	29	1011	5:34 am	5:36 pm	74	3.49	https://xemthoitiet.vn/thoi-tiet/quang-ngai/7-ngay-toi/	2026-09-28 19:13:43
Quảng Ngãi	T3 29/09	27	31	Mưa nhẹ	31	27	27	28	1012	5:34 am	5:36 pm	82	3.31	https://xemthoitiet.vn/thoi-tiet/quang-ngai/7-ngay-toi/	2026-09-28 19:13:43
Quảng Ngãi	T4 30/09	27	29	Mưa nhẹ	29	27	27	28	1012	5:34 am	5:35 pm	87	2.33	https://xemthoitiet.vn/thoi-tiet/quang-ngai/7-ngay-toi/	2026-09-28 19:13:43
Quảng Ngãi	T5 01/10	27	31	Mưa nhẹ	31	27	28	29	1010	5:34 am	5:34 pm	80	3.64	https://xemthoitiet.vn/thoi-tiet/quang-ngai/7-ngay-toi/	2026-09-28 19:13:43
Quảng Ngãi	T6 02/10	27	31	Mưa nhẹ	31	27	27	28	1011	5:34 am	5:33 pm	79	3.64	https://xemthoitiet.vn/thoi-tiet/quang-ngai/7-ngay-toi/	2026-09-28 19:13:43
Quảng Ngãi	T7 03/10	27	31	Mưa nhẹ	31	27	27	28	1011	5:34 am	5:33 pm	76	3.41	https://xemthoitiet.vn/thoi-tiet/quang-ngai/7-ngay-toi/	2026-09-28 19:13:43
Quảng Ngãi	CN 04/10	27	31	Mưa nhẹ	31	27	27	28	1010	5:34 am	5:32 pm	79	2.96	https://xemthoitiet.vn/thoi-tiet/quang-ngai/7-ngay-toi/	2026-09-28 19:13:43
Bình Định	Hôm nay	27	32	Mưa nhẹ	32	27	27	28	1011	5:32 am	5:35 pm	74	3.66	https://xemthoitiet.vn/thoi-tiet/binh-dinh/7-ngay-toi/	2026-09-28 19:13:45
Bình Định	T3 29/09	27	31	Mưa nhẹ	31	27	27	28	1012	5:32 am	5:34 pm	80	3.59	https://xemthoitiet.vn/thoi-tiet/binh-dinh/7-ngay-toi/	2026-09-28 19:13:45
Bình Định	T4 30/09	27	30	Mưa nhẹ	30	27	27	28	1012	5:32 am	5:34 pm	83	2.61	https://xemthoitiet.vn/thoi-tiet/binh-dinh/7-ngay-toi/	2026-09-28 19:13:45
Bình Định	T5 01/10	27	31	Mưa nhẹ	31	27	28	28	1011	5:32 am	5:33 pm	79	3.05	https://xemthoitiet.vn/thoi-tiet/binh-dinh/7-ngay-toi/	2026-09-28 19:13:45
Bình Định	T6 02/10	27	31	Mưa nhẹ	31	27	28	28	1011	5:32 am	5:32 pm	78	2.85	https://xemthoitiet.vn/thoi-tiet/binh-dinh/7-ngay-toi/	2026-09-28 19:13:45
Bình Định	T7 03/10	27	32	Mưa nhẹ	32	27	27	27	1011	5:32 am	5:31 pm	71	2.49	https://xemthoitiet.vn/thoi-tiet/binh-dinh/7-ngay-toi/	2026-09-28 19:13:45
Bình Định	CN 04/10	27	31	Mưa nhẹ	31	27	27	28	1010	5:32 am	5:31 pm	75	2.49	https://xemthoitiet.vn/thoi-tiet/binh-dinh/7-ngay-toi/	2026-09-28 19:13:45
Phú Yên	Hôm nay	26	32	Mưa nhẹ	32	26	26	28	1011	5:32 am	5:36 pm	69	2.91	https://xemthoitiet.vn/thoi-tiet/phu-yen/7-ngay-toi/	2026-09-28 19:13:48
Phú Yên	T3 29/09	26	31	Mưa nhẹ	31	26	26	27	1012	5:32 am	5:35 pm	79	2.88	https://xemthoitiet.vn/thoi-tiet/phu-yen/7-ngay-toi/	2026-09-28 19:13:48
Phú Yên	T4 30/09	25	30	Mưa nhẹ	30	25	26	26	1012	5:32 am	5:34 pm	78	2.36	https://xemthoitiet.vn/thoi-tiet/phu-yen/7-ngay-toi/	2026-09-28 19:13:48
Phú Yên	T5 01/10	25	30	Mưa nhẹ	30	26	27	27	1011	5:32 am	5:33 pm	76	2.57	https://xemthoitiet.vn/thoi-tiet/phu-yen/7-ngay-toi/	2026-09-28 19:13:48
Phú Yên	T6 02/10	25	30	Mưa nhẹ	30	25	27	27	1012	5:32 am	5:33 pm	78	2.34	https://xemthoitiet.vn/thoi-tiet/phu-yen/7-ngay-toi/	2026-09-28 19:13:48
Phú Yên	T7 03/10	25	32	Mưa nhẹ	32	26	26	26	1011	5:32 am	5:32 pm	66	1.93	https://xemthoitiet.vn/thoi-tiet/phu-yen/7-ngay-toi/	2026-09-28 19:13:48
Phú Yên	CN 04/10	26	30	Mưa nhẹ	30	26	26	26	1010	5:32 am	5:31 pm	75	1.97	https://xemthoitiet.vn/thoi-tiet/phu-yen/7-ngay-toi/	2026-09-28 19:13:48
Khánh Hòa	Hôm nay	27	31	Mưa nhẹ	31	27	27	28	1011	5:32 am	5:35 pm	72	2.96	https://xemthoitiet.vn/thoi-tiet/khanh-hoa/7-ngay-toi/	2026-09-28 19:13:51
Khánh Hòa	T3 29/09	27	31	Mưa nhẹ	31	27	28	28	1012	5:32 am	5:35 pm	77	2.45	https://xemthoitiet.vn/thoi-tiet/khanh-hoa/7-ngay-toi/	2026-09-28 19:13:51
Khánh Hòa	T4 30/09	27	31	Mưa nhẹ	31	27	28	28	1012	5:32 am	5:34 pm	78	2.29	https://xemthoitiet.vn/thoi-tiet/khanh-hoa/7-ngay-toi/	2026-09-28 19:13:51
Khánh Hòa	T5 01/10	27	31	Mưa nhẹ	31	27	28	28	1011	5:32 am	5:33 pm	77	2.6	https://xemthoitiet.vn/thoi-tiet/khanh-hoa/7-ngay-toi/	2026-09-28 19:13:51
Khánh Hòa	T6 02/10	27	30	Mưa nhẹ	30	27	28	27	1012	5:32 am	5:33 pm	81	2.29	https://xemthoitiet.vn/thoi-tiet/khanh-hoa/7-ngay-toi/	2026-09-28 19:13:51
Khánh Hòa	T7 03/10	27	31	Mưa nhẹ	31	27	28	28	1011	5:32 am	5:32 pm	72	2.3	https://xemthoitiet.vn/thoi-tiet/khanh-hoa/7-ngay-toi/	2026-09-28 19:13:51
Khánh Hòa	CN 04/10	27	31	Mưa nhẹ	31	27	27	28	1010	5:32 am	5:31 pm	77	3.16	https://xemthoitiet.vn/thoi-tiet/khanh-hoa/7-ngay-toi/	2026-09-28 19:13:51
Ninh Thuận	Hôm nay	27	31	Mưa nhẹ	31	27	27	28	1012	5:33 am	5:37 pm	73	2.81	https://xemthoitiet.vn/thoi-tiet/ninh-thuan/7-ngay-toi/	2026-09-28 19:13:53
Ninh Thuận	T3 29/09	27	31	Mưa nhẹ	31	27	28	28	1012	5:33 am	5:36 pm	76	1.94	https://xemthoitiet.vn/thoi-tiet/ninh-thuan/7-ngay-toi/	2026-09-28 19:13:53
Ninh Thuận	T4 30/09	27	30	Mưa nhẹ	30	27	27	28	1012	5:33 am	5:35 pm	79	1.93	https://xemthoitiet.vn/thoi-tiet/ninh-thuan/7-ngay-toi/	2026-09-28 19:13:53
Ninh Thuận	T5 01/10	27	30	Mưa nhẹ	30	27	28	27	1011	5:33 am	5:35 pm	78	2.18	https://xemthoitiet.vn/thoi-tiet/ninh-thuan/7-ngay-toi/	2026-09-28 19:13:53
Ninh Thuận	T6 02/10	26	29	Mưa nhẹ	29	26	28	27	1012	5:33 am	5:34 pm	83	2.27	https://xemthoitiet.vn/thoi-tiet/ninh-thuan/7-ngay-toi/	2026-09-28 19:13:53
Ninh Thuận	T7 03/10	26	30	Mưa nhẹ	30	27	28	28	1011	5:33 am	5:33 pm	76	2.66	https://xemthoitiet.vn/thoi-tiet/ninh-thuan/7-ngay-toi/	2026-09-28 19:13:53
Ninh Thuận	CN 04/10	27	30	Mưa nhẹ	30	27	27	28	1010	5:33 am	5:33 pm	80	3.39	https://xemthoitiet.vn/thoi-tiet/ninh-thuan/7-ngay-toi/	2026-09-28 19:13:53
Bình Thuận	Hôm nay	25	30	Mưa nhẹ	30	25	27	27	1011	5:35 am	5:39 pm	75	2.77	https://xemthoitiet.vn/thoi-tiet/binh-thuan/7-ngay-toi/	2026-09-28 19:13:56
Bình Thuận	T3 29/09	25	31	Mưa nhẹ	31	26	27	27	1012	5:35 am	5:39 pm	68	1.95	https://xemthoitiet.vn/thoi-tiet/binh-thuan/7-ngay-toi/	2026-09-28 19:13:56
Bình Thuận	T4 30/09	26	30	Mưa nhẹ	30	26	27	28	1012	5:35 am	5:38 pm	76	1.85	https://xemthoitiet.vn/thoi-tiet/binh-thuan/7-ngay-toi/	2026-09-28 19:13:56
Bình Thuận	T5 01/10	26	28	Mưa nhẹ	28	26	28	27	1012	5:35 am	5:37 pm	79	1.37	https://xemthoitiet.vn/thoi-tiet/binh-thuan/7-ngay-toi/	2026-09-28 19:13:56
Bình Thuận	T6 02/10	26	29	Mưa nhẹ	29	26	28	26	1012	5:35 am	5:37 pm	85	2.06	https://xemthoitiet.vn/thoi-tiet/binh-thuan/7-ngay-toi/	2026-09-28 19:13:56
Bình Thuận	T7 03/10	26	29	Mưa nhẹ	29	26	27	27	1011	5:35 am	5:36 pm	77	2.8	https://xemthoitiet.vn/thoi-tiet/binh-thuan/7-ngay-toi/	2026-09-28 19:13:56
Bình Thuận	CN 04/10	26	29	Mưa nhẹ	29	26	27	27	1010	5:35 am	5:35 pm	85	3.18	https://xemthoitiet.vn/thoi-tiet/binh-thuan/7-ngay-toi/	2026-09-28 19:13:56
Kon Tum	Hôm nay	22	30	Mưa nhẹ	30	22	22	24	1011	5:37 am	5:40 pm	62	1.86	https://xemthoitiet.vn/thoi-tiet/kon-tum/7-ngay-toi/	2026-09-28 19:13:59
Kon Tum	T3 29/09	22	29	Mưa nhẹ	29	22	23	24	1012	5:37 am	5:39 pm	79	1.85	https://xemthoitiet.vn/thoi-tiet/kon-tum/7-ngay-toi/	2026-09-28 19:13:59
Kon Tum	T4 30/09	22	25	Mưa vừa	25	23	23	24	1013	5:37 am	5:38 pm	94	1.7	https://xemthoitiet.vn/thoi-tiet/kon-tum/7-ngay-toi/	2026-09-28 19:13:59
Kon Tum	T5 01/10	22	27	Mưa vừa	27	22	23	24	1011	5:37 am	5:38 pm	82	1.46	https://xemthoitiet.vn/thoi-tiet/kon-tum/7-ngay-toi/	2026-09-28 19:13:59
Kon Tum	T6 02/10	22	28	Mưa nhẹ	28	22	23	24	1011	5:37 am	5:37 pm	81	1.63	https://xemthoitiet.vn/thoi-tiet/kon-tum/7-ngay-toi/	2026-09-28 19:13:59
Kon Tum	T7 03/10	22	28	Mưa nhẹ	28	22	23	23	1011	5:37 am	5:36 pm	77	1.63	https://xemthoitiet.vn/thoi-tiet/kon-tum/7-ngay-toi/	2026-09-28 19:13:59
Kon Tum	CN 04/10	22	27	Mưa nhẹ	27	22	23	23	1010	5:37 am	5:35 pm	84	1.28	https://xemthoitiet.vn/thoi-tiet/kon-tum/7-ngay-toi/	2026-09-28 19:13:59
Gia Lai	Hôm nay	21	29	Mưa nhẹ	29	21	21	23	1011	5:36 am	5:39 pm	63	1.82	https://xemthoitiet.vn/thoi-tiet/gia-lai/7-ngay-toi/	2026-09-28 19:14:02
Gia Lai	T3 29/09	21	28	Mưa nhẹ	28	21	22	23	1012	5:36 am	5:39 pm	79	1.74	https://xemthoitiet.vn/thoi-tiet/gia-lai/7-ngay-toi/	2026-09-28 19:14:02
Gia Lai	T4 30/09	21	25	Mưa vừa	25	22	22	23	1013	5:36 am	5:38 pm	92	1.79	https://xemthoitiet.vn/thoi-tiet/gia-lai/7-ngay-toi/	2026-09-28 19:14:02
Gia Lai	T5 01/10	21	26	Mưa vừa	26	21	23	22	1011	5:36 am	5:37 pm	84	1.65	https://xemthoitiet.vn/thoi-tiet/gia-lai/7-ngay-toi/	2026-09-28 19:14:02
Gia Lai	T6 02/10	21	28	Mưa nhẹ	28	21	22	22	1011	5:36 am	5:37 pm	81	1.46	https://xemthoitiet.vn/thoi-tiet/gia-lai/7-ngay-toi/	2026-09-28 19:14:02
Gia Lai	T7 03/10	21	27	Mưa nhẹ	27	21	22	22	1011	5:36 am	5:36 pm	78	1.46	https://xemthoitiet.vn/thoi-tiet/gia-lai/7-ngay-toi/	2026-09-28 19:14:02
Gia Lai	CN 04/10	21	27	Mưa nhẹ	27	22	22	22	1010	5:37 am	5:35 pm	81	1.22	https://xemthoitiet.vn/thoi-tiet/gia-lai/7-ngay-toi/	2026-09-28 19:14:02
Đắk Lắk	Hôm nay	22	31	Mưa nhẹ	31	22	22	24	1011	5:36 am	5:40 pm	60	1.73	https://xemthoitiet.vn/thoi-tiet/dak-lak/7-ngay-toi/	2026-09-28 19:14:04
Đắk Lắk	T3 29/09	22	29	Mưa vừa	29	22	23	23	1012	5:36 am	5:39 pm	82	1.03	https://xemthoitiet.vn/thoi-tiet/dak-lak/7-ngay-toi/	2026-09-28 19:14:04
Đắk Lắk	T4 30/09	22	27	Mưa nhẹ	27	22	23	24	1013	5:36 am	5:38 pm	89	1.41	https://xemthoitiet.vn/thoi-tiet/dak-lak/7-ngay-toi/	2026-09-28 19:14:04
Đắk Lắk	T5 01/10	21	27	Mưa vừa	27	21	24	22	1011	5:36 am	5:38 pm	88	1.47	https://xemthoitiet.vn/thoi-tiet/dak-lak/7-ngay-toi/	2026-09-28 19:14:04
Đắk Lắk	T6 02/10	21	28	Mưa nhẹ	28	22	23	23	1012	5:36 am	5:37 pm	84	1.23	https://xemthoitiet.vn/thoi-tiet/dak-lak/7-ngay-toi/	2026-09-28 19:14:04
Đắk Lắk	T7 03/10	22	28	Mưa nhẹ	28	22	23	23	1011	5:36 am	5:36 pm	84	1.27	https://xemthoitiet.vn/thoi-tiet/dak-lak/7-ngay-toi/	2026-09-28 19:14:04
Đắk Lắk	CN 04/10	22	28	Mưa vừa	28	23	23	23	1009	5:36 am	5:36 pm	82	1.15	https://xemthoitiet.vn/thoi-tiet/dak-lak/7-ngay-toi/	2026-09-28 19:14:04
Đắk Nông	Hôm nay	19	27	Mưa nhẹ	27	19	20	21	1011	5:38 am	5:42 pm	64	2.06	https://xemthoitiet.vn/thoi-tiet/dak-nong/7-ngay-toi/	2026-09-28 19:14:07
Đắk Nông	T3 29/09	19	27	Mưa vừa	27	20	21	20	1011	5:38 am	5:41 pm	78	1.03	https://xemthoitiet.vn/thoi-tiet/dak-nong/7-ngay-toi/	2026-09-28 19:14:07
Đắk Nông	T4 30/09	20	24	Mưa nhẹ	24	20	21	21	1012	5:38 am	5:40 pm	89	1.36	https://xemthoitiet.vn/thoi-tiet/dak-nong/7-ngay-toi/	2026-09-28 19:14:07
Đắk Nông	T5 01/10	18	23	Mưa nhẹ	23	18	21	20	1012	5:38 am	5:40 pm	91	1.3	https://xemthoitiet.vn/thoi-tiet/dak-nong/7-ngay-toi/	2026-09-28 19:14:07
Đắk Nông	T6 02/10	18	25	Mưa nhẹ	25	19	21	20	1011	5:38 am	5:39 pm	87	1.35	https://xemthoitiet.vn/thoi-tiet/dak-nong/7-ngay-toi/	2026-09-28 19:14:07
Đắk Nông	T7 03/10	18	24	Mưa vừa	24	18	20	20	1011	5:38 am	5:38 pm	89	1.72	https://xemthoitiet.vn/thoi-tiet/dak-nong/7-ngay-toi/	2026-09-28 19:14:07
Đắk Nông	CN 04/10	18	25	Mưa vừa	25	20	20	20	1009	5:38 am	5:38 pm	84	1.12	https://xemthoitiet.vn/thoi-tiet/dak-nong/7-ngay-toi/	2026-09-28 19:14:07
Lâm Đồng	Hôm nay	16	22	Mưa nhẹ	22	16	17	18	1011	5:35 am	5:38 pm	70	2.43	https://xemthoitiet.vn/thoi-tiet/lam-dong/7-ngay-toi/	2026-09-28 19:14:10
Lâm Đồng	T3 29/09	16	22	Mưa nhẹ	22	16	17	17	1012	5:35 am	5:38 pm	80	1.42	https://xemthoitiet.vn/thoi-tiet/lam-dong/7-ngay-toi/	2026-09-28 19:14:10
Lâm Đồng	T4 30/09	16	21	Mưa nhẹ	21	16	17	17	1012	5:35 am	5:37 pm	82	1.41	https://xemthoitiet.vn/thoi-tiet/lam-dong/7-ngay-toi/	2026-09-28 19:14:10
Lâm Đồng	T5 01/10	15	20	Mưa nhẹ	20	15	18	17	1012	5:35 am	5:36 pm	84	1.8	https://xemthoitiet.vn/thoi-tiet/lam-dong/7-ngay-toi/	2026-09-28 19:14:10
Lâm Đồng	T6 02/10	15	20	Mưa nhẹ	20	15	18	17	1012	5:35 am	5:36 pm	86	1.91	https://xemthoitiet.vn/thoi-tiet/lam-dong/7-ngay-toi/	2026-09-28 19:14:10
Lâm Đồng	T7 03/10	15	21	Mưa nhẹ	21	16	17	17	1011	5:35 am	5:35 pm	82	2.17	https://xemthoitiet.vn/thoi-tiet/lam-dong/7-ngay-toi/	2026-09-28 19:14:10
Lâm Đồng	CN 04/10	16	21	Mưa nhẹ	21	17	17	17	1009	5:35 am	5:34 pm	83	2.2	https://xemthoitiet.vn/thoi-tiet/lam-dong/7-ngay-toi/	2026-09-28 19:14:10
Hồ Chí Minh	Hôm nay	26	31	Mưa nhẹ	31	26	27	28	1011	5:42 am	5:46 pm	73	3.27	https://xemthoitiet.vn/thoi-tiet/ho-chi-minh/7-ngay-toi/	2026-09-28 19:14:12
Hồ Chí Minh	T3 29/09	26	32	Mưa nhẹ	32	27	28	28	1011	5:42 am	5:45 pm	65	1.96	https://xemthoitiet.vn/thoi-tiet/ho-chi-minh/7-ngay-toi/	2026-09-28 19:14:12
Hồ Chí Minh	T4 30/09	27	30	Mưa nhẹ	30	27	27	28	1012	5:42 am	5:44 pm	77	1.55	https://xemthoitiet.vn/thoi-tiet/ho-chi-minh/7-ngay-toi/	2026-09-28 19:14:12
Hồ Chí Minh	T5 01/10	27	28	Mưa nhẹ	28	27	27	27	1012	5:42 am	5:44 pm	87	1.35	https://xemthoitiet.vn/thoi-tiet/ho-chi-minh/7-ngay-toi/	2026-09-28 19:14:12
Hồ Chí Minh	T6 02/10	26	30	Mưa nhẹ	30	26	27	27	1011	5:42 am	5:43 pm	80	1.57	https://xemthoitiet.vn/thoi-tiet/ho-chi-minh/7-ngay-toi/	2026-09-28 19:14:12
Hồ Chí Minh	T7 03/10	26	30	Mưa nhẹ	30	26	27	27	1011	5:41 am	5:42 pm	81	2.45	https://xemthoitiet.vn/thoi-tiet/ho-chi-minh/7-ngay-toi/	2026-09-28 19:14:12
Hồ Chí Minh	CN 04/10	26	30	Mưa nhẹ	30	26	27	27	1009	5:41 am	5:42 pm	80	3.29	https://xemthoitiet.vn/thoi-tiet/ho-chi-minh/7-ngay-toi/	2026-09-28 19:14:12
Bà Rịa - Vũng Tàu	Hôm nay	27	30	Mưa nhẹ	30	27	27	28	1011	5:39 am	5:43 pm	76	3.15	https://xemthoitiet.vn/thoi-tiet/ba-ria-vung-tau/7-ngay-toi/	2026-09-28 19:14:15
Bà Rịa - Vũng Tàu	T3 29/09	27	31	Mưa nhẹ	31	27	28	28	1011	5:39 am	5:43 pm	70	1.96	https://xemthoitiet.vn/thoi-tiet/ba-ria-vung-tau/7-ngay-toi/	2026-09-28 19:14:15
Bà Rịa - Vũng Tàu	T4 30/09	27	30	Mưa nhẹ	30	27	28	28	1012	5:39 am	5:42 pm	77	1.73	https://xemthoitiet.vn/thoi-tiet/ba-ria-vung-tau/7-ngay-toi/	2026-09-28 19:14:15
Bà Rịa - Vũng Tàu	T5 01/10	27	28	Mưa nhẹ	28	27	28	28	1012	5:39 am	5:41 pm	83	1.52	https://xemthoitiet.vn/thoi-tiet/ba-ria-vung-tau/7-ngay-toi/	2026-09-28 19:14:15
Bà Rịa - Vũng Tàu	T6 02/10	27	29	Mưa nhẹ	29	27	28	28	1011	5:39 am	5:41 pm	81	1.58	https://xemthoitiet.vn/thoi-tiet/ba-ria-vung-tau/7-ngay-toi/	2026-09-28 19:14:15
Bà Rịa - Vũng Tàu	T7 03/10	27	30	Mưa nhẹ	30	27	28	28	1011	5:39 am	5:40 pm	79	2.53	https://xemthoitiet.vn/thoi-tiet/ba-ria-vung-tau/7-ngay-toi/	2026-09-28 19:14:15
Bà Rịa - Vũng Tàu	CN 04/10	27	29	Mưa nhẹ	29	27	28	27	1009	5:39 am	5:40 pm	82	3.6	https://xemthoitiet.vn/thoi-tiet/ba-ria-vung-tau/7-ngay-toi/	2026-09-28 19:14:15
Bình Phước	Hôm nay	24	31	Mưa nhẹ	31	24	25	26	1011	5:42 am	5:45 pm	69	2.56	https://xemthoitiet.vn/thoi-tiet/binh-phuoc/7-ngay-toi/	2026-09-28 19:14:18
Bình Phước	T3 29/09	24	32	Mưa nhẹ	32	25	26	26	1011	5:42 am	5:45 pm	67	1.53	https://xemthoitiet.vn/thoi-tiet/binh-phuoc/7-ngay-toi/	2026-09-28 19:14:18
Bình Phước	T4 30/09	25	29	Mưa vừa	29	25	26	26	1012	5:42 am	5:44 pm	85	1.42	https://xemthoitiet.vn/thoi-tiet/binh-phuoc/7-ngay-toi/	2026-09-28 19:14:18
Bình Phước	T5 01/10	24	26	Mưa nhẹ	26	24	26	25	1011	5:41 am	5:43 pm	94	0.75	https://xemthoitiet.vn/thoi-tiet/binh-phuoc/7-ngay-toi/	2026-09-28 19:14:18
Bình Phước	T6 02/10	24	30	Mưa nhẹ	30	24	26	25	1011	5:41 am	5:43 pm	85	1.63	https://xemthoitiet.vn/thoi-tiet/binh-phuoc/7-ngay-toi/	2026-09-28 19:14:18
Bình Phước	T7 03/10	23	29	Mưa vừa	29	23	25	24	1011	5:41 am	5:42 pm	88	2.19	https://xemthoitiet.vn/thoi-tiet/binh-phuoc/7-ngay-toi/	2026-09-28 19:14:18
Bình Phước	CN 04/10	23	30	Mưa nhẹ	30	25	25	25	1009	5:41 am	5:41 pm	81	2.09	https://xemthoitiet.vn/thoi-tiet/binh-phuoc/7-ngay-toi/	2026-09-28 19:14:18
Bình Dương	Hôm nay	25	31	Mưa nhẹ	31	25	26	27	1011	5:42 am	5:46 pm	70	2.88	https://xemthoitiet.vn/thoi-tiet/binh-duong/7-ngay-toi/	2026-09-28 19:14:21
Bình Dương	T3 29/09	25	33	Mưa nhẹ	33	26	27	27	1011	5:42 am	5:45 pm	64	1.7	https://xemthoitiet.vn/thoi-tiet/binh-duong/7-ngay-toi/	2026-09-28 19:14:21
Bình Dương	T4 30/09	26	30	Mưa nhẹ	30	26	27	27	1012	5:42 am	5:44 pm	81	1.32	https://xemthoitiet.vn/thoi-tiet/binh-duong/7-ngay-toi/	2026-09-28 19:14:21
Bình Dương	T5 01/10	25	27	Mưa nhẹ	27	25	26	26	1011	5:42 am	5:44 pm	92	0.96	https://xemthoitiet.vn/thoi-tiet/binh-duong/7-ngay-toi/	2026-09-28 19:14:21
Bình Dương	T6 02/10	25	30	Mưa nhẹ	30	25	26	26	1011	5:42 am	5:43 pm	83	1.67	https://xemthoitiet.vn/thoi-tiet/binh-duong/7-ngay-toi/	2026-09-28 19:14:21
Bình Dương	T7 03/10	24	29	Mưa nhẹ	29	24	26	26	1011	5:42 am	5:43 pm	84	2.31	https://xemthoitiet.vn/thoi-tiet/binh-duong/7-ngay-toi/	2026-09-28 19:14:21
Bình Dương	CN 04/10	24	30	Mưa nhẹ	30	25	26	26	1009	5:42 am	5:42 pm	80	2.65	https://xemthoitiet.vn/thoi-tiet/binh-duong/7-ngay-toi/	2026-09-28 19:14:21
Tây Ninh	Hôm nay	25	32	Mưa nhẹ	32	25	26	27	1010	5:44 am	5:48 pm	68	3.16	https://xemthoitiet.vn/thoi-tiet/tay-ninh/7-ngay-toi/	2026-09-28 19:14:24
Tây Ninh	T3 29/09	25	33	Mưa nhẹ	33	26	27	28	1011	5:44 am	5:47 pm	59	1.85	https://xemthoitiet.vn/thoi-tiet/tay-ninh/7-ngay-toi/	2026-09-28 19:14:24
Tây Ninh	T4 30/09	26	30	Mưa nhẹ	30	26	27	27	1012	5:44 am	5:46 pm	77	1.42	https://xemthoitiet.vn/thoi-tiet/tay-ninh/7-ngay-toi/	2026-09-28 19:14:24
Tây Ninh	T5 01/10	26	27	Mưa nhẹ	27	26	27	26	1011	5:44 am	5:46 pm	90	0.8	https://xemthoitiet.vn/thoi-tiet/tay-ninh/7-ngay-toi/	2026-09-28 19:14:24
Tây Ninh	T6 02/10	26	30	Mưa nhẹ	30	26	26	27	1011	5:44 am	5:45 pm	77	1.92	https://xemthoitiet.vn/thoi-tiet/tay-ninh/7-ngay-toi/	2026-09-28 19:14:24
Tây Ninh	T7 03/10	25	30	Mưa nhẹ	30	25	26	26	1011	5:44 am	5:44 pm	81	2.4	https://xemthoitiet.vn/thoi-tiet/tay-ninh/7-ngay-toi/	2026-09-28 19:14:24
Tây Ninh	CN 04/10	25	31	Mưa nhẹ	31	25	26	26	1009	5:44 am	5:44 pm	75	2.76	https://xemthoitiet.vn/thoi-tiet/tay-ninh/7-ngay-toi/	2026-09-28 19:14:24
Đồng Nai	Hôm nay	25	31	Mưa nhẹ	31	25	27	27	1011	5:41 am	5:45 pm	74	3.05	https://xemthoitiet.vn/thoi-tiet/dong-nai/7-ngay-toi/	2026-09-28 19:14:26
Đồng Nai	T3 29/09	25	32	Mưa nhẹ	32	26	27	27	1011	5:41 am	5:44 pm	66	1.85	https://xemthoitiet.vn/thoi-tiet/dong-nai/7-ngay-toi/	2026-09-28 19:14:26
Đồng Nai	T4 30/09	26	30	Mưa nhẹ	30	27	27	28	1012	5:41 am	5:44 pm	80	1.44	https://xemthoitiet.vn/thoi-tiet/dong-nai/7-ngay-toi/	2026-09-28 19:14:26
Đồng Nai	T5 01/10	26	28	Mưa nhẹ	28	26	27	27	1012	5:41 am	5:43 pm	90	1.29	https://xemthoitiet.vn/thoi-tiet/dong-nai/7-ngay-toi/	2026-09-28 19:14:26
Đồng Nai	T6 02/10	25	30	Mưa nhẹ	30	25	27	27	1011	5:41 am	5:42 pm	84	1.6	https://xemthoitiet.vn/thoi-tiet/dong-nai/7-ngay-toi/	2026-09-28 19:14:26
Đồng Nai	T7 03/10	25	30	Mưa nhẹ	30	25	27	26	1011	5:41 am	5:42 pm	83	2.38	https://xemthoitiet.vn/thoi-tiet/dong-nai/7-ngay-toi/	2026-09-28 19:14:26
Đồng Nai	CN 04/10	25	30	Mưa nhẹ	30	26	27	26	1009	5:41 am	5:41 pm	83	3.06	https://xemthoitiet.vn/thoi-tiet/dong-nai/7-ngay-toi/	2026-09-28 19:14:26
An Giang	Hôm nay	27	32	Mưa nhẹ	32	27	28	28	1011	5:48 am	5:52 pm	64	3.6	https://xemthoitiet.vn/thoi-tiet/an-giang/7-ngay-toi/	2026-09-28 19:14:29
An Giang	T3 29/09	27	33	Mưa nhẹ	33	27	28	28	1011	5:48 am	5:51 pm	59	2.47	https://xemthoitiet.vn/thoi-tiet/an-giang/7-ngay-toi/	2026-09-28 19:14:29
An Giang	T4 30/09	27	32	Mưa nhẹ	32	28	28	28	1012	5:48 am	5:51 pm	64	1.66	https://xemthoitiet.vn/thoi-tiet/an-giang/7-ngay-toi/	2026-09-28 19:14:29
An Giang	T5 01/10	27	31	Mưa nhẹ	31	27	28	28	1011	5:48 am	5:50 pm	71	1.15	https://xemthoitiet.vn/thoi-tiet/an-giang/7-ngay-toi/	2026-09-28 19:14:29
An Giang	T6 02/10	27	29	Mưa nhẹ	29	27	27	27	1012	5:48 am	5:49 pm	78	1.83	https://xemthoitiet.vn/thoi-tiet/an-giang/7-ngay-toi/	2026-09-28 19:14:29
An Giang	T7 03/10	26	28	Mưa nhẹ	28	26	27	27	1011	5:48 am	5:49 pm	79	2.16	https://xemthoitiet.vn/thoi-tiet/an-giang/7-ngay-toi/	2026-09-28 19:14:29
An Giang	CN 04/10	26	29	Mưa nhẹ	29	26	26	27	1010	5:48 am	5:48 pm	76	3.4	https://xemthoitiet.vn/thoi-tiet/an-giang/7-ngay-toi/	2026-09-28 19:14:29
Bạc Liêu	Hôm nay	29	31	Mưa nhẹ	31	29	29	30	1011	5:45 am	5:50 pm	74	4.56	https://xemthoitiet.vn/thoi-tiet/bac-lieu/7-ngay-toi/	2026-09-28 19:14:32
Bạc Liêu	T3 29/09	29	31	Mưa nhẹ	31	29	29	29	1012	5:45 am	5:49 pm	73	2.36	https://xemthoitiet.vn/thoi-tiet/bac-lieu/7-ngay-toi/	2026-09-28 19:14:32
Bạc Liêu	T4 30/09	29	30	Mưa nhẹ	30	29	29	30	1012	5:45 am	5:48 pm	70	1.93	https://xemthoitiet.vn/thoi-tiet/bac-lieu/7-ngay-toi/	2026-09-28 19:14:32
Bạc Liêu	T5 01/10	29	30	Mưa nhẹ	30	29	29	29	1011	5:45 am	5:48 pm	71	2.35	https://xemthoitiet.vn/thoi-tiet/bac-lieu/7-ngay-toi/	2026-09-28 19:14:32
Bạc Liêu	T6 02/10	29	30	Mưa nhẹ	30	29	29	29	1012	5:45 am	5:47 pm	72	1.93	https://xemthoitiet.vn/thoi-tiet/bac-lieu/7-ngay-toi/	2026-09-28 19:14:32
Bạc Liêu	T7 03/10	29	29	Mưa nhẹ	29	29	29	29	1011	5:45 am	5:47 pm	74	2.22	https://xemthoitiet.vn/thoi-tiet/bac-lieu/7-ngay-toi/	2026-09-28 19:14:32
Bạc Liêu	CN 04/10	29	29	Mưa nhẹ	29	29	29	29	1010	5:45 am	5:46 pm	76	4.57	https://xemthoitiet.vn/thoi-tiet/bac-lieu/7-ngay-toi/	2026-09-28 19:14:32
Bến Tre	Hôm nay	27	31	Mưa nhẹ	31	27	28	29	1011	5:43 am	5:47 pm	71	3.81	https://xemthoitiet.vn/thoi-tiet/ben-tre/7-ngay-toi/	2026-09-28 19:14:35
Bến Tre	T3 29/09	27	32	Mưa nhẹ	32	28	28	29	1011	5:43 am	5:46 pm	65	2.28	https://xemthoitiet.vn/thoi-tiet/ben-tre/7-ngay-toi/	2026-09-28 19:14:35
Bến Tre	T4 30/09	28	31	Mưa nhẹ	31	28	28	29	1012	5:43 am	5:46 pm	71	1.81	https://xemthoitiet.vn/thoi-tiet/ben-tre/7-ngay-toi/	2026-09-28 19:14:35
Bến Tre	T5 01/10	28	29	Mưa nhẹ	29	28	28	28	1011	5:43 am	5:45 pm	80	1.83	https://xemthoitiet.vn/thoi-tiet/ben-tre/7-ngay-toi/	2026-09-28 19:14:35
Bến Tre	T6 02/10	27	30	Mưa nhẹ	30	27	28	28	1011	5:42 am	5:44 pm	74	1.41	https://xemthoitiet.vn/thoi-tiet/ben-tre/7-ngay-toi/	2026-09-28 19:14:35
Bến Tre	T7 03/10	27	30	Mưa nhẹ	30	27	28	28	1011	5:42 am	5:44 pm	76	2.62	https://xemthoitiet.vn/thoi-tiet/ben-tre/7-ngay-toi/	2026-09-28 19:14:35
Bến Tre	CN 04/10	27	30	Mưa nhẹ	30	27	28	28	1009	5:42 am	5:43 pm	76	3.9	https://xemthoitiet.vn/thoi-tiet/ben-tre/7-ngay-toi/	2026-09-28 19:14:35
Cà Mau	Hôm nay	29	31	Mưa nhẹ	31	29	29	30	1011	5:47 am	5:52 pm	74	5.07	https://xemthoitiet.vn/thoi-tiet/ca-mau/7-ngay-toi/	2026-09-28 19:14:38
Cà Mau	T3 29/09	29	30	Mưa nhẹ	30	29	29	30	1012	5:47 am	5:51 pm	74	2.34	https://xemthoitiet.vn/thoi-tiet/ca-mau/7-ngay-toi/	2026-09-28 19:14:38
Cà Mau	T4 30/09	29	30	Mưa nhẹ	30	29	29	30	1012	5:47 am	5:50 pm	70	1.93	https://xemthoitiet.vn/thoi-tiet/ca-mau/7-ngay-toi/	2026-09-28 19:14:38
Cà Mau	T5 01/10	29	30	Mưa nhẹ	30	29	29	30	1011	5:47 am	5:50 pm	69	2.3	https://xemthoitiet.vn/thoi-tiet/ca-mau/7-ngay-toi/	2026-09-28 19:14:38
Cà Mau	T6 02/10	29	29	Mưa nhẹ	29	29	29	29	1012	5:47 am	5:49 pm	74	2.04	https://xemthoitiet.vn/thoi-tiet/ca-mau/7-ngay-toi/	2026-09-28 19:14:38
Cà Mau	T7 03/10	29	29	Mưa nhẹ	29	29	29	29	1011	5:47 am	5:49 pm	74	2.09	https://xemthoitiet.vn/thoi-tiet/ca-mau/7-ngay-toi/	2026-09-28 19:14:38
Cà Mau	CN 04/10	29	29	Mưa nhẹ	29	29	29	29	1010	5:47 am	5:48 pm	76	4.69	https://xemthoitiet.vn/thoi-tiet/ca-mau/7-ngay-toi/	2026-09-28 19:14:38
Cần Thơ	Hôm nay	27	32	Mưa nhẹ	32	27	28	29	1011	5:45 am	5:49 pm	66	4.11	https://xemthoitiet.vn/thoi-tiet/can-tho/7-ngay-toi/	2026-09-28 19:14:40
Cần Thơ	T3 29/09	27	32	Mưa nhẹ	32	27	28	28	1012	5:45 am	5:49 pm	62	2.44	https://xemthoitiet.vn/thoi-tiet/can-tho/7-ngay-toi/	2026-09-28 19:14:40
Cần Thơ	T4 30/09	27	32	Mưa nhẹ	32	28	28	28	1012	5:45 am	5:48 pm	65	1.67	https://xemthoitiet.vn/thoi-tiet/can-tho/7-ngay-toi/	2026-09-28 19:14:40
Cần Thơ	T5 01/10	27	30	Mưa nhẹ	30	27	28	28	1011	5:45 am	5:47 pm	74	1.83	https://xemthoitiet.vn/thoi-tiet/can-tho/7-ngay-toi/	2026-09-28 19:14:40
Cần Thơ	T6 02/10	27	30	Mưa nhẹ	30	27	28	28	1012	5:45 am	5:47 pm	73	1.46	https://xemthoitiet.vn/thoi-tiet/can-tho/7-ngay-toi/	2026-09-28 19:14:40
Cần Thơ	T7 03/10	27	29	Mưa nhẹ	29	27	27	28	1011	5:45 am	5:46 pm	75	2.61	https://xemthoitiet.vn/thoi-tiet/can-tho/7-ngay-toi/	2026-09-28 19:14:40
Cần Thơ	CN 04/10	27	29	Mưa nhẹ	29	27	27	27	1010	5:45 am	5:46 pm	74	4.0	https://xemthoitiet.vn/thoi-tiet/can-tho/7-ngay-toi/	2026-09-28 19:14:40
Đồng Tháp	Hôm nay	26	32	Mưa nhẹ	32	26	27	28	1011	5:46 am	5:50 pm	65	3.66	https://xemthoitiet.vn/thoi-tiet/dong-thap/7-ngay-toi/	2026-09-28 19:14:43
Đồng Tháp	T3 29/09	26	33	Mưa nhẹ	33	27	28	28	1011	5:46 am	5:49 pm	59	2.29	https://xemthoitiet.vn/thoi-tiet/dong-thap/7-ngay-toi/	2026-09-28 19:14:43
Đồng Tháp	T4 30/09	27	32	Mưa nhẹ	32	27	28	28	1012	5:46 am	5:49 pm	67	1.57	https://xemthoitiet.vn/thoi-tiet/dong-thap/7-ngay-toi/	2026-09-28 19:14:43
Đồng Tháp	T5 01/10	27	29	Mưa nhẹ	29	27	28	27	1011	5:46 am	5:48 pm	78	1.23	https://xemthoitiet.vn/thoi-tiet/dong-thap/7-ngay-toi/	2026-09-28 19:14:43
Đồng Tháp	T6 02/10	27	30	Mưa nhẹ	30	27	27	27	1011	5:46 am	5:47 pm	76	1.71	https://xemthoitiet.vn/thoi-tiet/dong-thap/7-ngay-toi/	2026-09-28 19:14:43
Đồng Tháp	T7 03/10	26	29	Mưa nhẹ	29	26	27	27	1011	5:46 am	5:47 pm	77	2.36	https://xemthoitiet.vn/thoi-tiet/dong-thap/7-ngay-toi/	2026-09-28 19:14:43
Đồng Tháp	CN 04/10	26	30	Mưa nhẹ	30	26	26	27	1009	5:46 am	5:46 pm	74	3.44	https://xemthoitiet.vn/thoi-tiet/dong-thap/7-ngay-toi/	2026-09-28 19:14:43
Hậu Giang	Hôm nay	28	32	Mưa nhẹ	32	28	29	29	1011	5:46 am	5:50 pm	67	4.32	https://xemthoitiet.vn/thoi-tiet/hau-giang/7-ngay-toi/	2026-09-28 19:14:46
Hậu Giang	T3 29/09	28	32	Mưa nhẹ	32	28	29	29	1012	5:46 am	5:50 pm	65	2.4	https://xemthoitiet.vn/thoi-tiet/hau-giang/7-ngay-toi/	2026-09-28 19:14:46
Hậu Giang	T4 30/09	28	31	Mưa nhẹ	31	28	28	29	1012	5:46 am	5:49 pm	66	1.77	https://xemthoitiet.vn/thoi-tiet/hau-giang/7-ngay-toi/	2026-09-28 19:14:46
Hậu Giang	T5 01/10	28	30	Mưa nhẹ	30	28	29	29	1011	5:46 am	5:48 pm	71	1.91	https://xemthoitiet.vn/thoi-tiet/hau-giang/7-ngay-toi/	2026-09-28 19:14:46
Hậu Giang	T6 02/10	28	30	Mưa nhẹ	30	28	28	28	1012	5:46 am	5:48 pm	74	1.59	https://xemthoitiet.vn/thoi-tiet/hau-giang/7-ngay-toi/	2026-09-28 19:14:46
Hậu Giang	T7 03/10	28	29	Mưa nhẹ	29	28	28	28	1011	5:46 am	5:47 pm	75	2.42	https://xemthoitiet.vn/thoi-tiet/hau-giang/7-ngay-toi/	2026-09-28 19:14:46
Hậu Giang	CN 04/10	28	29	Mưa nhẹ	29	28	28	28	1010	5:46 am	5:47 pm	75	4.2	https://xemthoitiet.vn/thoi-tiet/hau-giang/7-ngay-toi/	2026-09-28 19:14:46
Kiên Giang	Hôm nay	27	32	Mưa nhẹ	32	27	28	29	1011	5:48 am	5:52 pm	62	4.2	https://xemthoitiet.vn/thoi-tiet/kien-giang/7-ngay-toi/	2026-09-28 19:14:49
Kiên Giang	T3 29/09	27	32	Mưa nhẹ	32	27	28	29	1012	5:48 am	5:51 pm	61	2.62	https://xemthoitiet.vn/thoi-tiet/kien-giang/7-ngay-toi/	2026-09-28 19:14:49
Kiên Giang	T4 30/09	27	32	Mưa nhẹ	32	28	28	28	1012	5:48 am	5:51 pm	62	1.82	https://xemthoitiet.vn/thoi-tiet/kien-giang/7-ngay-toi/	2026-09-28 19:14:49
Kiên Giang	T5 01/10	28	32	Mưa nhẹ	32	28	28	28	1011	5:48 am	5:50 pm	65	1.48	https://xemthoitiet.vn/thoi-tiet/kien-giang/7-ngay-toi/	2026-09-28 19:14:49
Kiên Giang	T6 02/10	27	29	Mưa nhẹ	29	27	28	28	1012	5:48 am	5:50 pm	77	1.7	https://xemthoitiet.vn/thoi-tiet/kien-giang/7-ngay-toi/	2026-09-28 19:14:49
Kiên Giang	T7 03/10	27	29	Mưa nhẹ	29	27	27	27	1011	5:48 am	5:49 pm	77	2.42	https://xemthoitiet.vn/thoi-tiet/kien-giang/7-ngay-toi/	2026-09-28 19:14:49
Kiên Giang	CN 04/10	27	29	Mưa nhẹ	29	27	27	27	1010	5:48 am	5:48 pm	77	3.98	https://xemthoitiet.vn/thoi-tiet/kien-giang/7-ngay-toi/	2026-09-28 19:14:49
Long An	Hôm nay	26	32	Mưa nhẹ	32	26	27	28	1011	5:43 am	5:47 pm	69	3.53	https://xemthoitiet.vn/thoi-tiet/long-an/7-ngay-toi/	2026-09-28 19:14:52
Long An	T3 29/09	26	33	Mưa nhẹ	33	27	28	28	1011	5:43 am	5:47 pm	61	2.1	https://xemthoitiet.vn/thoi-tiet/long-an/7-ngay-toi/	2026-09-28 19:14:52
Long An	T4 30/09	27	31	Mưa nhẹ	31	27	27	28	1012	5:43 am	5:46 pm	73	1.54	https://xemthoitiet.vn/thoi-tiet/long-an/7-ngay-toi/	2026-09-28 19:14:52
Long An	T5 01/10	27	28	Mưa nhẹ	28	27	27	27	1011	5:43 am	5:45 pm	85	1.24	https://xemthoitiet.vn/thoi-tiet/long-an/7-ngay-toi/	2026-09-28 19:14:52
Long An	T6 02/10	26	30	Mưa nhẹ	30	26	27	27	1011	5:43 am	5:45 pm	76	1.65	https://xemthoitiet.vn/thoi-tiet/long-an/7-ngay-toi/	2026-09-28 19:14:52
Long An	T7 03/10	26	30	Mưa nhẹ	30	26	27	27	1011	5:43 am	5:44 pm	78	2.5	https://xemthoitiet.vn/thoi-tiet/long-an/7-ngay-toi/	2026-09-28 19:14:52
Long An	CN 04/10	26	30	Mưa nhẹ	30	26	27	27	1009	5:43 am	5:44 pm	76	3.36	https://xemthoitiet.vn/thoi-tiet/long-an/7-ngay-toi/	2026-09-28 19:14:52
Sóc Trăng	Hôm nay	28	31	Mưa nhẹ	31	28	29	29	1011	5:44 am	5:48 pm	71	4.3	https://xemthoitiet.vn/thoi-tiet/soc-trang/7-ngay-toi/	2026-09-28 19:14:55
Sóc Trăng	T3 29/09	28	31	Mưa nhẹ	31	28	29	29	1012	5:44 am	5:48 pm	68	2.41	https://xemthoitiet.vn/thoi-tiet/soc-trang/7-ngay-toi/	2026-09-28 19:14:55
Sóc Trăng	T4 30/09	28	31	Mưa nhẹ	31	28	28	29	1012	5:44 am	5:47 pm	69	1.85	https://xemthoitiet.vn/thoi-tiet/soc-trang/7-ngay-toi/	2026-09-28 19:14:55
Sóc Trăng	T5 01/10	28	30	Mưa nhẹ	30	28	29	29	1011	5:44 am	5:47 pm	74	2.25	https://xemthoitiet.vn/thoi-tiet/soc-trang/7-ngay-toi/	2026-09-28 19:14:55
Sóc Trăng	T6 02/10	28	30	Mưa nhẹ	30	28	28	29	1012	5:44 am	5:46 pm	71	1.77	https://xemthoitiet.vn/thoi-tiet/soc-trang/7-ngay-toi/	2026-09-28 19:14:55
Sóc Trăng	T7 03/10	28	29	Mưa nhẹ	29	28	28	29	1011	5:44 am	5:45 pm	74	2.47	https://xemthoitiet.vn/thoi-tiet/soc-trang/7-ngay-toi/	2026-09-28 19:14:55
Sóc Trăng	CN 04/10	28	29	Mưa nhẹ	29	28	28	28	1010	5:44 am	5:45 pm	75	4.33	https://xemthoitiet.vn/thoi-tiet/soc-trang/7-ngay-toi/	2026-09-28 19:14:55
Tiền Giang	Hôm nay	27	31	Mưa nhẹ	31	27	28	28	1011	5:43 am	5:47 pm	70	3.7	https://xemthoitiet.vn/thoi-tiet/tien-giang/7-ngay-toi/	2026-09-28 19:14:58
Tiền Giang	T3 29/09	27	32	Mưa nhẹ	32	27	28	29	1011	5:43 am	5:46 pm	64	2.19	https://xemthoitiet.vn/thoi-tiet/tien-giang/7-ngay-toi/	2026-09-28 19:14:58
Tiền Giang	T4 30/09	27	31	Mưa nhẹ	31	28	28	28	1012	5:43 am	5:46 pm	71	1.7	https://xemthoitiet.vn/thoi-tiet/tien-giang/7-ngay-toi/	2026-09-28 19:14:58
Tiền Giang	T5 01/10	27	29	Mưa nhẹ	29	27	28	28	1011	5:43 am	5:45 pm	82	1.62	https://xemthoitiet.vn/thoi-tiet/tien-giang/7-ngay-toi/	2026-09-28 19:14:58
Tiền Giang	T6 02/10	27	30	Mưa nhẹ	30	27	28	28	1011	5:43 am	5:44 pm	75	1.49	https://xemthoitiet.vn/thoi-tiet/tien-giang/7-ngay-toi/	2026-09-28 19:14:58
Tiền Giang	T7 03/10	27	30	Mưa nhẹ	30	27	27	28	1011	5:43 am	5:44 pm	77	2.56	https://xemthoitiet.vn/thoi-tiet/tien-giang/7-ngay-toi/	2026-09-28 19:14:58
Tiền Giang	CN 04/10	27	30	Mưa nhẹ	30	27	27	27	1009	5:43 am	5:43 pm	76	3.68	https://xemthoitiet.vn/thoi-tiet/tien-giang/7-ngay-toi/	2026-09-28 19:14:58
Trà Vinh	Hôm nay	28	31	Mưa nhẹ	31	28	28	29	1011	5:43 am	5:47 pm	71	4.02	https://xemthoitiet.vn/thoi-tiet/tra-vinh/7-ngay-toi/	2026-09-28 19:15:00
Trà Vinh	T3 29/09	28	31	Mưa nhẹ	31	28	29	29	1012	5:43 am	5:46 pm	67	2.42	https://xemthoitiet.vn/thoi-tiet/tra-vinh/7-ngay-toi/	2026-09-28 19:15:00
Trà Vinh	T4 30/09	28	31	Mưa nhẹ	31	28	28	29	1012	5:43 am	5:46 pm	69	1.92	https://xemthoitiet.vn/thoi-tiet/tra-vinh/7-ngay-toi/	2026-09-28 19:15:00
Trà Vinh	T5 01/10	28	29	Mưa nhẹ	29	28	28	28	1011	5:43 am	5:45 pm	76	2.11	https://xemthoitiet.vn/thoi-tiet/tra-vinh/7-ngay-toi/	2026-09-28 19:15:00
Trà Vinh	T6 02/10	28	30	Mưa nhẹ	30	28	28	29	1012	5:43 am	5:45 pm	72	1.54	https://xemthoitiet.vn/thoi-tiet/tra-vinh/7-ngay-toi/	2026-09-28 19:15:00
Trà Vinh	T7 03/10	28	30	Mưa nhẹ	30	28	28	29	1011	5:43 am	5:44 pm	74	2.66	https://xemthoitiet.vn/thoi-tiet/tra-vinh/7-ngay-toi/	2026-09-28 19:15:00
Trà Vinh	CN 04/10	28	29	Mưa nhẹ	29	28	28	28	1010	5:42 am	5:43 pm	75	4.22	https://xemthoitiet.vn/thoi-tiet/tra-vinh/7-ngay-toi/	2026-09-28 19:15:00
Vĩnh Long	Hôm nay	27	32	Mưa nhẹ	32	27	28	29	1011	5:44 am	5:48 pm	67	3.97	https://xemthoitiet.vn/thoi-tiet/vinh-long/7-ngay-toi/	2026-09-28 19:15:03
Vĩnh Long	T3 29/09	27	33	Mưa nhẹ	33	27	28	28	1011	5:44 am	5:48 pm	61	2.34	https://xemthoitiet.vn/thoi-tiet/vinh-long/7-ngay-toi/	2026-09-28 19:15:03
Vĩnh Long	T4 30/09	27	31	Mưa nhẹ	31	28	28	28	1012	5:44 am	5:47 pm	68	1.66	https://xemthoitiet.vn/thoi-tiet/vinh-long/7-ngay-toi/	2026-09-28 19:15:03
Vĩnh Long	T5 01/10	27	29	Mưa nhẹ	29	27	28	28	1011	5:44 am	5:47 pm	79	1.73	https://xemthoitiet.vn/thoi-tiet/vinh-long/7-ngay-toi/	2026-09-28 19:15:03
Vĩnh Long	T6 02/10	27	30	Mưa nhẹ	30	27	27	28	1011	5:44 am	5:46 pm	72	1.54	https://xemthoitiet.vn/thoi-tiet/vinh-long/7-ngay-toi/	2026-09-28 19:15:03
Vĩnh Long	T7 03/10	27	30	Mưa nhẹ	30	27	27	28	1011	5:44 am	5:45 pm	75	2.61	https://xemthoitiet.vn/thoi-tiet/vinh-long/7-ngay-toi/	2026-09-28 19:15:03
Vĩnh Long	CN 04/10	27	30	Mưa nhẹ	30	27	27	27	1009	5:44 am	5:45 pm	74	3.78	https://xemthoitiet.vn/thoi-tiet/vinh-long/7-ngay-toi/	2026-09-28 19:15:03
